Room_ID,Date,Start_Time,End_Time,Event_Class,Event_Class_ID,Cameras,Timestamp
synth_room_1,2026-05-03,12:06:38.826,12:06:56.493,Empty,10,0|1|2,2026-05-03T12:06:38.826645
synth_room_1,2026-05-03,12:06:56.534,12:09:22.034,Human_Movement_1Human,4,0|1|2,2026-05-03T12:06:56.534978
synth_room_1,2026-05-03,12:09:22.076,12:09:30.243,Human_Movement_1Human+fall,9,0|1|2,2026-05-03T12:09:22.076645
synth_room_1,2026-05-03,12:09:30.284,12:09:32.118,Human_Movement_1Human,4,0|1|2,2026-05-03T12:09:30.284978
synth_room_1,2026-05-03,12:09:32.159,12:10:14.868,Empty,10,0|1|2,2026-05-03T12:09:32.159978
synth_room_1,2026-05-03,12:10:14.909,12:11:27.659,Human_Movement_1Human,4,0|1|2,2026-05-03T12:10:14.909978
synth_room_1,2026-05-03,12:11:27.701,12:11:38.784,Human_Movement_2+Humans,3,0|1|2,2026-05-03T12:11:27.701645
synth_room_1,2026-05-03,12:11:38.826,12:14:08.159,Human_Movement_2+Humans,3,0|1|2,2026-05-03T12:11:38.826645
synth_room_1,2026-05-03,12:14:08.201,12:14:08.409,Human_Movement_1Human,4,0|1|2,2026-05-03T12:14:08.201645
synth_room_1,2026-05-03,12:14:08.451,12:15:08.618,Empty,10,0|1|2,2026-05-03T12:14:08.451645
synth_room_1,2026-05-03,12:15:08.659,12:16:38.784,Human_Movement_1Human,4,0|1|2,2026-05-03T12:15:08.659978
synth_room_1,2026-05-03,12:16:38.826,12:19:18.034,Human_Movement_1Human,4,0|1|2,2026-05-03T12:16:38.826645
synth_room_1,2026-05-03,12:19:18.076,12:21:38.784,Human_Movement_2+Humans,3,0|1|2,2026-05-03T12:19:18.076645
synth_room_1,2026-05-03,12:21:38.826,12:24:26.534,Human_Movement_2+Humans,3,0|1|2,2026-05-03T12:21:38.826645
synth_room_1,2026-05-03,12:24:26.576,12:24:29.493,Human_Movement_1Human,4,0|1|2,2026-05-03T12:24:26.576645
synth_room_1,2026-05-03,12:24:29.534,12:26:38.784,Empty,10,0|1|2,2026-05-03T12:24:29.534978
synth_room_1,2026-05-03,12:26:38.826,12:27:41.076,Empty,10,0|1|2,2026-05-03T12:26:38.826645
synth_room_1,2026-05-03,12:27:41.118,12:29:40.951,Human_Movement_1Human,4,0|1|2,2026-05-03T12:27:41.118312
synth_room_1,2026-05-03,12:29:40.993,12:31:38.784,Empty,10,0|1|2,2026-05-03T12:29:40.993312
synth_room_1,2026-05-03,12:31:38.826,12:32:02.326,Empty,10,0|1|2,2026-05-03T12:31:38.826645
synth_room_1,2026-05-03,12:32:02.368,12:36:38.784,Human_Movement_1Human,4,0|1|2,2026-05-03T12:32:02.368312
synth_room_1,2026-05-03,12:36:38.826,12:37:40.743,Human_Movement_1Human,4,0|1|2,2026-05-03T12:36:38.826645
synth_room_1,2026-05-03,12:37:40.784,12:41:38.784,Human_Movement_2+Humans,3,0|1|2,2026-05-03T12:37:40.784978
synth_room_1,2026-05-03,12:41:38.826,12:43:55.451,Human_Movement_2+Humans,3,0|1|2,2026-05-03T12:41:38.826645
synth_room_1,2026-05-03,12:43:55.493,12:43:57.034,Human_Movement_1Human,4,0|1|2,2026-05-03T12:43:55.493312
synth_room_1,2026-05-03,12:43:57.076,12:46:27.868,Empty,10,0|1|2,2026-05-03T12:43:57.076645
synth_room_1,2026-05-03,12:46:27.909,12:46:38.784,Human_Movement_1Human,4,0|1|2,2026-05-03T12:46:27.909978
synth_room_1,2026-05-03,12:46:38.826,12:49:28.243,Human_Movement_1Human,4,0|1|2,2026-05-03T12:46:38.826645
synth_room_1,2026-05-03,12:49:28.284,12:51:34.409,Human_Movement_2+Humans,3,0|1|2,2026-05-03T12:49:28.284978
synth_room_1,2026-05-03,12:51:34.451,12:51:35.368,Human_Movement_1Human,4,0|1|2,2026-05-03T12:51:34.451645
synth_room_1,2026-05-03,12:51:35.409,12:51:38.784,Empty,10,0|1|2,2026-05-03T12:51:35.409978
synth_room_1,2026-05-03,12:51:38.826,12:53:38.243,Empty,10,0|1|2,2026-05-03T12:51:38.826645
synth_room_1,2026-05-03,12:53:38.284,12:54:53.326,Human_Movement_1Human,4,0|1|2,2026-05-03T12:53:38.284978
synth_room_1,2026-05-03,12:54:53.368,12:56:38.784,Human_Movement_1Human+Fire,7,0|1|2,2026-05-03T12:54:53.368312
synth_room_1,2026-05-03,12:56:38.826,13:01:38.784,Human_Movement_1Human+Fire,7,0|1|2,2026-05-03T12:56:38.826645
synth_room_1,2026-05-03,13:01:38.826,13:05:23.868,Human_Movement_1Human+Fire,7,0|1|2,2026-05-03T13:01:38.826645
synth_room_1,2026-05-03,13:05:23.909,13:05:29.784,Human_Movement_1Human,4,0|1|2,2026-05-03T13:05:23.909978
synth_room_1,2026-05-03,13:05:29.826,13:06:38.784,Empty,10,0|1|2,2026-05-03T13:05:29.826645
synth_room_1,2026-05-03,13:06:38.826,13:07:53.618,Empty,10,0|1|2,2026-05-03T13:06:38.826645
synth_room_1,2026-05-03,13:07:53.659,13:08:29.576,Human_Movement_1Human,4,0|1|2,2026-05-03T13:07:53.659978
synth_room_1,2026-05-03,13:08:29.618,13:11:38.784,Human_Movement_1Human+Fire,7,0|1|2,2026-05-03T13:08:29.618312
synth_room_1,2026-05-03,13:11:38.826,13:14:59.868,Human_Movement_1Human+Fire,7,0|1|2,2026-05-03T13:11:38.826645
synth_room_1,2026-05-03,13:14:59.909,13:15:03.159,Human_Movement_1Human,4,0|1|2,2026-05-03T13:14:59.909978
synth_room_1,2026-05-03,13:15:03.201,13:16:04.493,Empty,10,0|1|2,2026-05-03T13:15:03.201645
synth_room_1,2026-05-03,13:16:04.534,13:16:38.784,Human_Movement_1Human,4,0|1|2,2026-05-03T13:16:04.534978
synth_room_1,2026-05-03,13:16:38.826,13:18:12.409,Human_Movement_1Human,4,0|1|2,2026-05-03T13:16:38.826645
synth_room_1,2026-05-03,13:18:12.451,13:21:27.659,Empty,10,0|1|2,2026-05-03T13:18:12.451645
synth_room_1,2026-05-03,13:21:27.701,13:21:38.784,Human_Movement_1Human,4,0|1|2,2026-05-03T13:21:27.701645
synth_room_1,2026-05-03,13:21:38.826,13:24:18.909,Human_Movement_1Human,4,0|1|2,2026-05-03T13:21:38.826645
synth_room_1,2026-05-03,13:24:18.951,13:25:44.201,Empty,10,0|1|2,2026-05-03T13:24:18.951645
synth_room_1,2026-05-03,13:25:44.243,13:26:38.784,Human_Movement_1Human,4,0|1|2,2026-05-03T13:25:44.243312
synth_room_1,2026-05-03,13:26:38.826,13:27:00.243,Human_Movement_1Human,4,0|1|2,2026-05-03T13:26:38.826645
synth_room_1,2026-05-03,13:27:00.284,13:28:07.534,Empty,10,0|1|2,2026-05-03T13:27:00.284978
synth_room_1,2026-05-03,13:28:07.576,13:31:01.451,Human_Movement_1Human,4,0|1|2,2026-05-03T13:28:07.576645
synth_room_1,2026-05-03,13:31:01.493,13:31:38.784,Human_Movement_2+Humans,3,0|1|2,2026-05-03T13:31:01.493312
synth_room_1,2026-05-03,13:31:38.826,13:33:45.243,Human_Movement_2+Humans,3,0|1|2,2026-05-03T13:31:38.826645
synth_room_1,2026-05-03,13:33:45.284,13:36:12.076,Human_Movement_2+Fire,6,0|1|2,2026-05-03T13:33:45.284978
synth_room_1,2026-05-03,13:36:12.118,13:36:15.243,Human_Movement_2+Humans,3,0|1|2,2026-05-03T13:36:12.118312
synth_room_1,2026-05-03,13:36:15.284,13:36:16.368,Human_Movement_1Human,4,0|1|2,2026-05-03T13:36:15.284978
synth_room_1,2026-05-03,13:36:16.409,13:36:38.784,Empty,10,0|1|2,2026-05-03T13:36:16.409978
synth_room_1,2026-05-03,13:36:38.826,13:37:09.451,Empty,10,0|1|2,2026-05-03T13:36:38.826645
synth_room_1,2026-05-03,13:37:09.493,13:37:52.118,Human_Movement_1Human,4,0|1|2,2026-05-03T13:37:09.493312
synth_room_1,2026-05-03,13:37:52.159,13:39:45.659,Human_Movement_2+Humans,3,0|1|2,2026-05-03T13:37:52.159978
synth_room_1,2026-05-03,13:39:45.701,13:40:13.159,Contact_2+Humans,2,0|1|2,2026-05-03T13:39:45.701645
synth_room_1,2026-05-03,13:40:13.201,13:41:38.784,Violence_2+Humans,1,0|1|2,2026-05-03T13:40:13.201645
synth_room_1,2026-05-03,13:41:38.826,13:42:34.409,Violence_2+Humans,1,0|1|2,2026-05-03T13:41:38.826645
synth_room_1,2026-05-03,13:42:34.451,13:42:36.201,Human_Movement_2+Humans,3,0|1|2,2026-05-03T13:42:34.451645
synth_room_1,2026-05-03,13:42:36.243,13:42:38.451,Human_Movement_1Human,4,0|1|2,2026-05-03T13:42:36.243312
synth_room_1,2026-05-03,13:42:38.493,13:46:38.784,Empty,10,0|1|2,2026-05-03T13:42:38.493312
synth_room_1,2026-05-03,13:46:38.826,13:47:15.326,Empty,10,0|1|2,2026-05-03T13:46:38.826645
synth_room_1,2026-05-03,13:47:15.368,13:48:55.993,Human_Movement_1Human,4,0|1|2,2026-05-03T13:47:15.368312
synth_room_1,2026-05-03,13:48:56.034,13:51:38.784,Empty,10,0|1|2,2026-05-03T13:48:56.034978
synth_room_1,2026-05-03,13:51:38.826,13:51:48.743,Empty,10,0|1|2,2026-05-03T13:51:38.826645
synth_room_1,2026-05-03,13:51:48.784,13:53:09.493,Fire,5,0|1|2,2026-05-03T13:51:48.784978
synth_room_1,2026-05-03,13:53:09.534,13:54:04.743,Empty,10,0|1|2,2026-05-03T13:53:09.534978
synth_room_1,2026-05-03,13:54:04.784,13:56:38.784,Human_Movement_1Human,4,0|1|2,2026-05-03T13:54:04.784978
synth_room_1,2026-05-03,13:56:38.826,13:56:38.951,Human_Movement_1Human,4,0|1|2,2026-05-03T13:56:38.826645
synth_room_1,2026-05-03,13:56:38.993,13:59:07.993,Human_Movement_2+Humans,3,0|1|2,2026-05-03T13:56:38.993312
synth_room_1,2026-05-03,13:59:08.034,14:01:34.826,Contact_2+Humans,2,0|1|2,2026-05-03T13:59:08.034978
synth_room_1,2026-05-03,14:01:34.868,14:01:38.784,Human_Movement_2+Humans,3,0|1|2,2026-05-03T14:01:34.868312
synth_room_1,2026-05-03,14:01:38.826,14:06:38.784,Human_Movement_2+Humans,3,0|1|2,2026-05-03T14:01:38.826645
synth_room_1,2026-05-03,14:06:38.826,14:07:47.534,Human_Movement_2+Humans,3,0|1|2,2026-05-03T14:06:38.826645
synth_room_1,2026-05-03,14:07:47.576,14:08:48.159,Contact_2+Humans,2,0|1|2,2026-05-03T14:07:47.576645
synth_room_1,2026-05-03,14:08:48.201,14:08:52.159,Human_Movement_2+Humans,3,0|1|2,2026-05-03T14:08:48.201645
synth_room_1,2026-05-03,14:08:52.201,14:08:52.993,Human_Movement_1Human,4,0|1|2,2026-05-03T14:08:52.201645
synth_room_1,2026-05-03,14:08:53.034,14:11:38.784,Empty,10,0|1|2,2026-05-03T14:08:53.034978
synth_room_1,2026-05-03,14:11:38.826,14:13:54.118,Empty,10,0|1|2,2026-05-03T14:11:38.826645
synth_room_1,2026-05-03,14:13:54.159,14:15:24.409,Fire,5,0|1|2,2026-05-03T14:13:54.159978
synth_room_1,2026-05-03,14:15:24.451,14:16:38.784,Empty,10,0|1|2,2026-05-03T14:15:24.451645
synth_room_1,2026-05-03,14:16:38.826,14:19:56.034,Empty,10,0|1|2,2026-05-03T14:16:38.826645
synth_room_1,2026-05-03,14:19:56.076,14:21:38.784,Human_Movement_1Human,4,0|1|2,2026-05-03T14:19:56.076645
synth_room_1,2026-05-03,14:21:38.826,14:22:50.201,Human_Movement_1Human,4,0|1|2,2026-05-03T14:21:38.826645
synth_room_1,2026-05-03,14:22:50.243,14:23:21.201,Human_Movement_1Human+fall,9,0|1|2,2026-05-03T14:22:50.243312
synth_room_1,2026-05-03,14:23:21.243,14:23:23.576,Human_Movement_1Human,4,0|1|2,2026-05-03T14:23:21.243312
synth_room_1,2026-05-03,14:23:23.618,14:24:35.993,Empty,10,0|1|2,2026-05-03T14:23:23.618312
synth_room_1,2026-05-03,14:24:36.034,14:25:10.493,Human_Movement_1Human,4,0|1|2,2026-05-03T14:24:36.034978
synth_room_1,2026-05-03,14:25:10.534,14:25:36.451,Human_Movement_1Human+fall,9,0|1|2,2026-05-03T14:25:10.534978
synth_room_1,2026-05-03,14:25:36.493,14:25:38.118,Human_Movement_1Human,4,0|1|2,2026-05-03T14:25:36.493312
synth_room_1,2026-05-03,14:25:38.159,14:26:38.784,Empty,10,0|1|2,2026-05-03T14:25:38.159978
synth_room_1,2026-05-03,14:26:38.826,14:28:33.076,Empty,10,0|1|2,2026-05-03T14:26:38.826645
synth_room_1,2026-05-03,14:28:33.118,14:31:17.909,Human_Movement_1Human,4,0|1|2,2026-05-03T14:28:33.118312
synth_room_1,2026-05-03,14:31:17.951,14:31:38.784,Human_Movement_1Human+Fire,7,0|1|2,2026-05-03T14:31:17.951645
synth_room_1,2026-05-03,14:31:38.826,14:36:38.784,Human_Movement_1Human+Fire,7,0|1|2,2026-05-03T14:31:38.826645
synth_room_1,2026-05-03,14:36:38.826,14:36:48.659,Human_Movement_1Human+Fire,7,0|1|2,2026-05-03T14:36:38.826645
synth_room_1,2026-05-03,14:36:48.701,14:36:50.701,Human_Movement_1Human,4,0|1|2,2026-05-03T14:36:48.701645
synth_room_1,2026-05-03,14:36:50.743,14:39:32.951,Empty,10,0|1|2,2026-05-03T14:36:50.743312
synth_room_1,2026-05-03,14:39:32.993,14:41:02.993,Human_Movement_1Human,4,0|1|2,2026-05-03T14:39:32.993312
synth_room_1,2026-05-03,14:41:03.034,14:41:38.784,Human_Movement_2+Humans,3,0|1|2,2026-05-03T14:41:03.034978
synth_room_1,2026-05-03,14:41:38.826,14:43:25.118,Human_Movement_2+Humans,3,0|1|2,2026-05-03T14:41:38.826645
synth_room_1,2026-05-03,14:43:25.159,14:46:08.993,Contact_2+Humans,2,0|1|2,2026-05-03T14:43:25.159978
synth_room_1,2026-05-03,14:46:09.034,14:46:38.784,Human_Movement_2+Humans,3,0|1|2,2026-05-03T14:46:09.034978
synth_room_1,2026-05-03,14:46:38.826,14:48:50.576,Human_Movement_2+Humans,3,0|1|2,2026-05-03T14:46:38.826645
synth_room_1,2026-05-03,14:48:50.618,14:49:48.534,Contact_2+Humans,2,0|1|2,2026-05-03T14:48:50.618312
synth_room_1,2026-05-03,14:49:48.576,14:51:38.784,Human_Movement_2+Humans,3,0|1|2,2026-05-03T14:49:48.576645
synth_room_1,2026-05-03,14:51:38.826,14:53:00.534,Human_Movement_2+Humans,3,0|1|2,2026-05-03T14:51:38.826645
synth_room_1,2026-05-03,14:53:00.576,14:53:38.368,Contact_2+Humans,2,0|1|2,2026-05-03T14:53:00.576645
synth_room_1,2026-05-03,14:53:38.409,14:56:33.284,Violence_2+Humans,1,0|1|2,2026-05-03T14:53:38.409978
synth_room_1,2026-05-03,14:56:33.326,14:56:38.784,Human_Movement_2+fall,8,0|1|2,2026-05-03T14:56:33.326645
synth_room_1,2026-05-03,14:56:38.826,14:57:19.951,Human_Movement_2+fall,8,0|1|2,2026-05-03T14:56:38.826645
synth_room_1,2026-05-03,14:57:19.993,14:58:37.284,Human_Movement_2+Humans,3,0|1|2,2026-05-03T14:57:19.993312
synth_room_1,2026-05-03,14:58:37.326,14:58:37.409,Human_Movement_1Human,4,0|1|2,2026-05-03T14:58:37.326645
synth_room_1,2026-05-03,14:58:37.451,15:00:15.659,Empty,10,0|1|2,2026-05-03T14:58:37.451645
synth_room_1,2026-05-03,15:00:15.701,15:01:38.784,Human_Movement_1Human,4,0|1|2,2026-05-03T15:00:15.701645
synth_room_1,2026-05-03,15:01:38.826,15:01:55.034,Human_Movement_1Human,4,0|1|2,2026-05-03T15:01:38.826645
synth_room_1,2026-05-03,15:01:55.076,15:05:46.118,Empty,10,0|1|2,2026-05-03T15:01:55.076645
synth_room_1,2026-05-03,15:05:46.159,15:06:38.784,Fire,5,0|1|2,2026-05-03T15:05:46.159978
synth_room_1,2026-05-03,15:06:38.826,15:07:54.284,Fire,5,0|1|2,2026-05-03T15:06:38.826645
synth_room_1,2026-05-03,15:07:54.326,15:09:09.576,Empty,10,0|1|2,2026-05-03T15:07:54.326645
synth_room_1,2026-05-03,15:09:09.618,15:11:10.201,Human_Movement_1Human,4,0|1|2,2026-05-03T15:09:09.618312
synth_room_1,2026-05-03,15:11:10.243,15:11:38.784,Human_Movement_1Human+fall,9,0|1|2,2026-05-03T15:11:10.243312
synth_room_1,2026-05-03,15:11:38.826,15:11:45.159,Human_Movement_1Human+fall,9,0|1|2,2026-05-03T15:11:38.826645
synth_room_1,2026-05-03,15:11:45.201,15:11:47.118,Human_Movement_1Human,4,0|1|2,2026-05-03T15:11:45.201645
synth_room_1,2026-05-03,15:11:47.159,15:12:48.784,Empty,10,0|1|2,2026-05-03T15:11:47.159978
synth_room_1,2026-05-03,15:12:48.826,15:16:38.784,Human_Movement_1Human,4,0|1|2,2026-05-03T15:12:48.826645
synth_room_1,2026-05-03,15:16:38.826,15:18:15.743,Human_Movement_1Human,4,0|1|2,2026-05-03T15:16:38.826645
synth_room_1,2026-05-03,15:18:15.784,15:21:38.784,Human_Movement_2+Humans,3,0|1|2,2026-05-03T15:18:15.784978
synth_room_1,2026-05-03,15:21:38.826,15:22:48.576,Human_Movement_2+Humans,3,0|1|2,2026-05-03T15:21:38.826645
synth_room_1,2026-05-03,15:22:48.618,15:22:49.868,Human_Movement_1Human,4,0|1|2,2026-05-03T15:22:48.618312
synth_room_1,2026-05-03,15:22:49.909,15:26:38.784,Empty,10,0|1|2,2026-05-03T15:22:49.909978
synth_room_1,2026-05-03,15:26:38.826,15:27:38.076,Empty,10,0|1|2,2026-05-03T15:26:38.826645
synth_room_1,2026-05-03,15:27:38.118,15:31:38.784,Human_Movement_1Human,4,0|1|2,2026-05-03T15:27:38.118312
synth_room_1,2026-05-03,15:31:38.826,15:33:24.118,Human_Movement_1Human,4,0|1|2,2026-05-03T15:31:38.826645
synth_room_1,2026-05-03,15:33:24.159,15:33:52.743,Human_Movement_1Human+Fire,7,0|1|2,2026-05-03T15:33:24.159978
synth_room_1,2026-05-03,15:33:52.784,15:33:57.743,Human_Movement_1Human,4,0|1|2,2026-05-03T15:33:52.784978
synth_room_1,2026-05-03,15:33:57.784,15:36:38.784,Empty,10,0|1|2,2026-05-03T15:33:57.784978
synth_room_1,2026-05-03,15:36:38.826,15:36:44.076,Empty,10,0|1|2,2026-05-03T15:36:38.826645
synth_room_1,2026-05-03,15:36:44.118,15:41:36.451,Fire,5,0|1|2,2026-05-03T15:36:44.118312
synth_room_1,2026-05-03,15:41:36.493,15:41:38.784,Empty,10,0|1|2,2026-05-03T15:41:36.493312
synth_room_1,2026-05-03,15:41:38.826,15:43:35.951,Empty,10,0|1|2,2026-05-03T15:41:38.826645
synth_room_1,2026-05-03,15:43:35.993,15:45:56.701,Human_Movement_1Human,4,0|1|2,2026-05-03T15:43:35.993312
synth_room_1,2026-05-03,15:45:56.743,15:46:31.743,Human_Movement_2+Humans,3,0|1|2,2026-05-03T15:45:56.743312
synth_room_1,2026-05-03,15:46:31.784,15:46:32.701,Human_Movement_1Human,4,0|1|2,2026-05-03T15:46:31.784978
synth_room_1,2026-05-03,15:46:32.743,15:46:38.784,Empty,10,0|1|2,2026-05-03T15:46:32.743312
synth_room_1,2026-05-03,15:46:38.826,15:51:36.576,Empty,10,0|1|2,2026-05-03T15:46:38.826645
synth_room_1,2026-05-03,15:51:36.618,15:51:38.784,Human_Movement_1Human,4,0|1|2,2026-05-03T15:51:36.618312
synth_room_1,2026-05-03,15:51:38.826,15:52:32.826,Human_Movement_1Human,4,0|1|2,2026-05-03T15:51:38.826645
synth_room_1,2026-05-03,15:52:32.868,15:53:13.909,Human_Movement_1Human+fall,9,0|1|2,2026-05-03T15:52:32.868312
synth_room_1,2026-05-03,15:53:13.951,15:53:17.659,Human_Movement_1Human,4,0|1|2,2026-05-03T15:53:13.951645
synth_room_1,2026-05-03,15:53:17.701,15:54:30.201,Empty,10,0|1|2,2026-05-03T15:53:17.701645
synth_room_1,2026-05-03,15:54:30.243,15:56:38.784,Human_Movement_1Human,4,0|1|2,2026-05-03T15:54:30.243312
synth_room_1,2026-05-03,15:56:38.826,16:00:56.076,Human_Movement_1Human,4,0|1|2,2026-05-03T15:56:38.826645
synth_room_1,2026-05-03,16:00:56.118,16:01:22.076,Human_Movement_2+Humans,3,0|1|2,2026-05-03T16:00:56.118312
synth_room_1,2026-05-03,16:01:22.118,16:01:38.784,Contact_2+Humans,2,0|1|2,2026-05-03T16:01:22.118312
synth_room_1,2026-05-03,16:01:38.826,16:01:48.868,Contact_2+Humans,2,0|1|2,2026-05-03T16:01:38.826645
synth_room_1,2026-05-03,16:01:48.909,16:01:50.826,Human_Movement_2+Humans,3,0|1|2,2026-05-03T16:01:48.909978
synth_room_1,2026-05-03,16:01:50.868,16:01:53.076,Human_Movement_1Human,4,0|1|2,2026-05-03T16:01:50.868312
synth_room_1,2026-05-03,16:01:53.118,16:04:16.951,Empty,10,0|1|2,2026-05-03T16:01:53.118312
synth_room_1,2026-05-03,16:04:16.993,16:06:38.784,Human_Movement_1Human,4,0|1|2,2026-05-03T16:04:16.993312
synth_room_1,2026-05-03,16:06:38.826,16:10:24.743,Human_Movement_1Human,4,0|1|2,2026-05-03T16:06:38.826645
synth_room_1,2026-05-03,16:10:24.784,16:11:38.784,Human_Movement_2+Humans,3,0|1|2,2026-05-03T16:10:24.784978
synth_room_1,2026-05-03,16:11:38.826,16:14:30.368,Human_Movement_2+Humans,3,0|1|2,2026-05-03T16:11:38.826645
synth_room_1,2026-05-03,16:14:30.409,16:16:29.243,Contact_2+Humans,2,0|1|2,2026-05-03T16:14:30.409978
synth_room_1,2026-05-03,16:16:29.284,16:16:38.784,Violence_2+Humans,1,0|1|2,2026-05-03T16:16:29.284978
synth_room_1,2026-05-03,16:16:38.826,16:17:06.118,Violence_2+Humans,1,0|1|2,2026-05-03T16:16:38.826645
synth_room_1,2026-05-03,16:17:06.159,16:17:08.618,Human_Movement_2+Humans,3,0|1|2,2026-05-03T16:17:06.159978
synth_room_1,2026-05-03,16:17:08.659,16:17:10.368,Human_Movement_1Human,4,0|1|2,2026-05-03T16:17:08.659978
synth_room_1,2026-05-03,16:17:10.409,16:21:38.784,Empty,10,0|1|2,2026-05-03T16:17:10.409978
synth_room_1,2026-05-03,16:21:38.826,16:24:04.284,Empty,10,0|1|2,2026-05-03T16:21:38.826645
synth_room_1,2026-05-03,16:24:04.326,16:25:58.493,Human_Movement_1Human,4,0|1|2,2026-05-03T16:24:04.326645
synth_room_1,2026-05-03,16:25:58.534,16:26:38.784,Human_Movement_2+Humans,3,0|1|2,2026-05-03T16:25:58.534978
synth_room_1,2026-05-03,16:26:38.826,16:28:29.618,Human_Movement_2+Humans,3,0|1|2,2026-05-03T16:26:38.826645
synth_room_1,2026-05-03,16:28:29.659,16:28:34.284,Human_Movement_1Human,4,0|1|2,2026-05-03T16:28:29.659978
synth_room_1,2026-05-03,16:28:34.326,16:31:15.659,Empty,10,0|1|2,2026-05-03T16:28:34.326645
synth_room_1,2026-05-03,16:31:15.701,16:31:38.784,Human_Movement_1Human,4,0|1|2,2026-05-03T16:31:15.701645
synth_room_1,2026-05-03,16:31:38.826,16:32:23.368,Human_Movement_1Human,4,0|1|2,2026-05-03T16:31:38.826645
synth_room_1,2026-05-03,16:32:23.409,16:32:56.034,Human_Movement_1Human+fall,9,0|1|2,2026-05-03T16:32:23.409978
synth_room_1,2026-05-03,16:32:56.076,16:32:56.784,Human_Movement_2+Humans,3,0|1|2,2026-05-03T16:32:56.076645
synth_room_1,2026-05-03,16:32:56.826,16:35:29.534,Human_Movement_1Human,4,0|1|2,2026-05-03T16:32:56.826645
synth_room_1,2026-05-03,16:35:29.576,16:36:38.784,Human_Movement_2+Humans,3,0|1|2,2026-05-03T16:35:29.576645
synth_room_1,2026-05-03,16:36:38.826,16:37:49.993,Human_Movement_2+Humans,3,0|1|2,2026-05-03T16:36:38.826645
synth_room_1,2026-05-03,16:37:50.034,16:38:41.201,Human_Movement_2+fall,8,0|1|2,2026-05-03T16:37:50.034978
synth_room_1,2026-05-03,16:38:41.243,16:38:44.826,Human_Movement_2+Humans,3,0|1|2,2026-05-03T16:38:41.243312
synth_room_1,2026-05-03,16:38:44.868,16:38:45.326,Human_Movement_1Human,4,0|1|2,2026-05-03T16:38:44.868312
synth_room_1,2026-05-03,16:38:45.368,16:41:38.784,Empty,10,0|1|2,2026-05-03T16:38:45.368312
synth_room_1,2026-05-03,16:41:38.826,16:41:53.368,Empty,10,0|1|2,2026-05-03T16:41:38.826645
synth_room_1,2026-05-03,16:41:53.409,16:44:10.826,Fire,5,0|1|2,2026-05-03T16:41:53.409978
synth_room_1,2026-05-03,16:44:10.868,16:44:32.243,Empty,10,0|1|2,2026-05-03T16:44:10.868312
synth_room_1,2026-05-03,16:44:32.284,16:46:38.784,Human_Movement_1Human,4,0|1|2,2026-05-03T16:44:32.284978
synth_room_1,2026-05-03,16:46:38.826,16:47:29.868,Human_Movement_1Human,4,0|1|2,2026-05-03T16:46:38.826645
synth_room_1,2026-05-03,16:47:29.909,16:50:55.493,Empty,10,0|1|2,2026-05-03T16:47:29.909978
synth_room_1,2026-05-03,16:50:55.534,16:51:38.784,Human_Movement_1Human,4,0|1|2,2026-05-03T16:50:55.534978
synth_room_1,2026-05-03,16:51:38.826,16:53:28.284,Human_Movement_1Human,4,0|1|2,2026-05-03T16:51:38.826645
synth_room_1,2026-05-03,16:53:28.326,16:56:38.784,Human_Movement_1Human+Fire,7,0|1|2,2026-05-03T16:53:28.326645
synth_room_1,2026-05-03,16:56:38.826,16:58:27.034,Human_Movement_1Human+Fire,7,0|1|2,2026-05-03T16:56:38.826645
synth_room_1,2026-05-03,16:58:27.076,16:58:29.451,Human_Movement_1Human,4,0|1|2,2026-05-03T16:58:27.076645
synth_room_1,2026-05-03,16:58:29.493,17:01:26.034,Empty,10,0|1|2,2026-05-03T16:58:29.493312
synth_room_1,2026-05-03,17:01:26.076,17:01:38.784,Human_Movement_1Human,4,0|1|2,2026-05-03T17:01:26.076645
synth_room_1,2026-05-03,17:01:38.826,17:03:08.118,Human_Movement_1Human,4,0|1|2,2026-05-03T17:01:38.826645
synth_room_1,2026-05-03,17:03:08.159,17:03:44.326,Human_Movement_1Human+fall,9,0|1|2,2026-05-03T17:03:08.159978
synth_room_1,2026-05-03,17:03:44.368,17:03:47.451,Human_Movement_1Human,4,0|1|2,2026-05-03T17:03:44.368312
synth_room_1,2026-05-03,17:03:47.493,17:06:38.784,Empty,10,0|1|2,2026-05-03T17:03:47.493312
synth_room_1,2026-05-03,17:06:38.826,17:06:54.659,Empty,10,0|1|2,2026-05-03T17:06:38.826645
synth_room_1,2026-05-03,17:06:54.701,17:09:22.326,Human_Movement_1Human,4,0|1|2,2026-05-03T17:06:54.701645
synth_room_1,2026-05-03,17:09:22.368,17:10:27.868,Human_Movement_2+Humans,3,0|1|2,2026-05-03T17:09:22.368312
synth_room_1,2026-05-03,17:10:27.909,17:11:11.534,Human_Movement_2+Fire,6,0|1|2,2026-05-03T17:10:27.909978
synth_room_1,2026-05-03,17:11:11.576,17:11:14.034,Human_Movement_2+Humans,3,0|1|2,2026-05-03T17:11:11.576645
synth_room_1,2026-05-03,17:11:14.076,17:11:14.993,Human_Movement_1Human,4,0|1|2,2026-05-03T17:11:14.076645
synth_room_1,2026-05-03,17:11:15.034,17:11:38.784,Empty,10,0|1|2,2026-05-03T17:11:15.034978
synth_room_1,2026-05-03,17:11:38.826,17:15:14.076,Empty,10,0|1|2,2026-05-03T17:11:38.826645
synth_room_1,2026-05-03,17:15:14.118,17:16:38.784,Human_Movement_1Human,4,0|1|2,2026-05-03T17:15:14.118312
synth_room_1,2026-05-03,17:16:38.826,17:18:00.701,Human_Movement_1Human,4,0|1|2,2026-05-03T17:16:38.826645
synth_room_1,2026-05-03,17:18:00.743,17:18:19.743,Empty,10,0|1|2,2026-05-03T17:18:00.743312
synth_room_1,2026-05-03,17:18:19.784,17:19:15.368,Human_Movement_1Human,4,0|1|2,2026-05-03T17:18:19.784978
synth_room_1,2026-05-03,17:19:15.409,17:21:38.784,Human_Movement_2+Humans,3,0|1|2,2026-05-03T17:19:15.409978
synth_room_1,2026-05-03,17:21:38.826,17:26:00.659,Human_Movement_2+Humans,3,0|1|2,2026-05-03T17:21:38.826645
synth_room_1,2026-05-03,17:26:00.701,17:26:01.159,Human_Movement_1Human,4,0|1|2,2026-05-03T17:26:00.701645
synth_room_1,2026-05-03,17:26:01.201,17:26:38.784,Empty,10,0|1|2,2026-05-03T17:26:01.201645
synth_room_1,2026-05-03,17:26:38.826,17:29:51.034,Empty,10,0|1|2,2026-05-03T17:26:38.826645
synth_room_1,2026-05-03,17:29:51.076,17:30:15.451,Human_Movement_1Human,4,0|1|2,2026-05-03T17:29:51.076645
synth_room_1,2026-05-03,17:30:15.493,17:31:38.784,Human_Movement_2+Humans,3,0|1|2,2026-05-03T17:30:15.493312
synth_room_1,2026-05-03,17:31:38.826,17:32:12.284,Human_Movement_2+Humans,3,0|1|2,2026-05-03T17:31:38.826645
synth_room_1,2026-05-03,17:32:12.326,17:33:55.284,Human_Movement_2+Fire,6,0|1|2,2026-05-03T17:32:12.326645
synth_room_1,2026-05-03,17:33:55.326,17:33:59.159,Human_Movement_2+Humans,3,0|1|2,2026-05-03T17:33:55.326645
synth_room_1,2026-05-03,17:33:59.201,17:34:00.243,Human_Movement_1Human,4,0|1|2,2026-05-03T17:33:59.201645
synth_room_1,2026-05-03,17:34:00.284,17:35:25.909,Empty,10,0|1|2,2026-05-03T17:34:00.284978
synth_room_1,2026-05-03,17:35:25.951,17:36:38.784,Human_Movement_1Human,4,0|1|2,2026-05-03T17:35:25.951645
synth_room_1,2026-05-03,17:36:38.826,17:39:31.034,Human_Movement_1Human,4,0|1|2,2026-05-03T17:36:38.826645
synth_room_1,2026-05-03,17:39:31.076,17:39:41.993,Human_Movement_1Human+fall,9,0|1|2,2026-05-03T17:39:31.076645
synth_room_1,2026-05-03,17:39:42.034,17:39:45.201,Human_Movement_1Human,4,0|1|2,2026-05-03T17:39:42.034978
synth_room_1,2026-05-03,17:39:45.243,17:41:38.784,Empty,10,0|1|2,2026-05-03T17:39:45.243312
synth_room_1,2026-05-03,17:41:38.826,17:42:53.826,Empty,10,0|1|2,2026-05-03T17:41:38.826645
synth_room_1,2026-05-03,17:42:53.868,17:43:46.034,Human_Movement_1Human,4,0|1|2,2026-05-03T17:42:53.868312
synth_room_1,2026-05-03,17:43:46.076,17:44:21.284,Human_Movement_2+Humans,3,0|1|2,2026-05-03T17:43:46.076645
synth_room_1,2026-05-03,17:44:21.326,17:46:38.784,Contact_2+Humans,2,0|1|2,2026-05-03T17:44:21.326645
synth_room_1,2026-05-03,17:46:38.826,17:46:58.951,Contact_2+Humans,2,0|1|2,2026-05-03T17:46:38.826645
synth_room_1,2026-05-03,17:46:58.993,17:47:33.784,Human_Movement_2+Humans,3,0|1|2,2026-05-03T17:46:58.993312
synth_room_1,2026-05-03,17:47:33.826,17:51:38.784,Human_Movement_2+Fire,6,0|1|2,2026-05-03T17:47:33.826645
synth_room_1,2026-05-03,17:51:38.826,17:56:38.784,Human_Movement_2+Fire,6,0|1|2,2026-05-03T17:51:38.826645
synth_room_1,2026-05-03,17:56:38.826,18:01:38.784,Human_Movement_2+Fire,6,0|1|2,2026-05-03T17:56:38.826645
synth_room_1,2026-05-03,18:01:38.826,18:02:35.076,Human_Movement_2+Fire,6,0|1|2,2026-05-03T18:01:38.826645
synth_room_1,2026-05-03,18:02:35.118,18:02:36.451,Human_Movement_2+Humans,3,0|1|2,2026-05-03T18:02:35.118312
synth_room_1,2026-05-03,18:02:36.493,18:02:37.159,Human_Movement_1Human,4,0|1|2,2026-05-03T18:02:36.493312
synth_room_1,2026-05-03,18:02:37.201,18:03:25.159,Empty,10,0|1|2,2026-05-03T18:02:37.201645
synth_room_1,2026-05-03,18:03:25.201,18:05:22.326,Human_Movement_1Human,4,0|1|2,2026-05-03T18:03:25.201645
synth_room_1,2026-05-03,18:05:22.368,18:06:38.784,Human_Movement_2+Humans,3,0|1|2,2026-05-03T18:05:22.368312
synth_room_1,2026-05-03,18:06:38.826,18:11:38.784,Human_Movement_2+Humans,3,0|1|2,2026-05-03T18:06:38.826645
synth_room_1,2026-05-03,18:11:38.826,18:16:38.784,Human_Movement_2+Humans,3,0|1|2,2026-05-03T18:11:38.826645
synth_room_1,2026-05-03,18:16:38.826,18:20:38.659,Human_Movement_2+Humans,3,0|1|2,2026-05-03T18:16:38.826645
synth_room_1,2026-05-03,18:20:38.701,18:20:38.826,Human_Movement_1Human,4,0|1|2,2026-05-03T18:20:38.701645
synth_room_1,2026-05-03,18:20:38.868,18:21:38.784,Empty,10,0|1|2,2026-05-03T18:20:38.868312
synth_room_1,2026-05-03,18:21:38.826,18:21:51.993,Empty,10,0|1|2,2026-05-03T18:21:38.826645
synth_room_1,2026-05-03,18:21:52.034,18:26:38.784,Human_Movement_1Human,4,0|1|2,2026-05-03T18:21:52.034978
synth_room_1,2026-05-03,18:26:38.826,18:29:15.618,Human_Movement_1Human,4,0|1|2,2026-05-03T18:26:38.826645
synth_room_1,2026-05-03,18:29:15.659,18:29:56.909,Empty,10,0|1|2,2026-05-03T18:29:15.659978
synth_room_1,2026-05-03,18:29:56.951,18:31:38.784,Human_Movement_1Human,4,0|1|2,2026-05-03T18:29:56.951645
synth_room_1,2026-05-03,18:31:38.826,18:32:46.618,Human_Movement_1Human,4,0|1|2,2026-05-03T18:31:38.826645
synth_room_1,2026-05-03,18:32:46.659,18:33:10.618,Empty,10,0|1|2,2026-05-03T18:32:46.659978
synth_room_1,2026-05-03,18:33:10.659,18:35:04.618,Human_Movement_1Human,4,0|1|2,2026-05-03T18:33:10.659978
synth_room_1,2026-05-03,18:35:04.659,18:36:38.784,Empty,10,0|1|2,2026-05-03T18:35:04.659978
synth_room_1,2026-05-03,18:36:38.826,18:37:34.826,Empty,10,0|1|2,2026-05-03T18:36:38.826645
synth_room_1,2026-05-03,18:37:34.868,18:40:12.534,Human_Movement_1Human,4,0|1|2,2026-05-03T18:37:34.868312
synth_room_1,2026-05-03,18:40:12.576,18:41:38.784,Human_Movement_2+Humans,3,0|1|2,2026-05-03T18:40:12.576645
synth_room_1,2026-05-03,18:41:38.826,18:41:54.451,Human_Movement_2+Humans,3,0|1|2,2026-05-03T18:41:38.826645
synth_room_1,2026-05-03,18:41:54.493,18:42:26.493,Contact_2+Humans,2,0|1|2,2026-05-03T18:41:54.493312
synth_room_1,2026-05-03,18:42:26.534,18:42:27.534,Human_Movement_2+Humans,3,0|1|2,2026-05-03T18:42:26.534978
synth_room_1,2026-05-03,18:42:27.576,18:42:27.951,Human_Movement_1Human,4,0|1|2,2026-05-03T18:42:27.576645
synth_room_1,2026-05-03,18:42:27.993,18:42:50.743,Empty,10,0|1|2,2026-05-03T18:42:27.993312
synth_room_1,2026-05-03,18:42:50.784,18:45:09.076,Human_Movement_1Human,4,0|1|2,2026-05-03T18:42:50.784978
synth_room_1,2026-05-03,18:45:09.118,18:46:38.784,Empty,10,0|1|2,2026-05-03T18:45:09.118312
synth_room_1,2026-05-03,18:46:38.826,18:48:05.701,Empty,10,0|1|2,2026-05-03T18:46:38.826645
synth_room_1,2026-05-03,18:48:05.743,18:51:38.784,Human_Movement_1Human,4,0|1|2,2026-05-03T18:48:05.743312
synth_room_1,2026-05-03,18:51:38.826,18:54:25.076,Human_Movement_1Human,4,0|1|2,2026-05-03T18:51:38.826645
synth_room_1,2026-05-03,18:54:25.118,18:56:38.784,Human_Movement_1Human+Fire,7,0|1|2,2026-05-03T18:54:25.118312
synth_room_1,2026-05-03,18:56:38.826,18:57:53.409,Human_Movement_1Human+Fire,7,0|1|2,2026-05-03T18:56:38.826645
synth_room_1,2026-05-03,18:57:53.451,18:57:59.826,Human_Movement_1Human,4,0|1|2,2026-05-03T18:57:53.451645
synth_room_1,2026-05-03,18:57:59.868,19:01:38.784,Empty,10,0|1|2,2026-05-03T18:57:59.868312
synth_room_1,2026-05-03,19:01:38.826,19:04:29.618,Empty,10,0|1|2,2026-05-03T19:01:38.826645
synth_room_1,2026-05-03,19:04:29.659,19:06:38.784,Human_Movement_1Human,4,0|1|2,2026-05-03T19:04:29.659978
synth_room_1,2026-05-03,19:06:38.826,19:07:16.326,Human_Movement_1Human,4,0|1|2,2026-05-03T19:06:38.826645
synth_room_1,2026-05-03,19:07:16.368,19:09:53.159,Empty,10,0|1|2,2026-05-03T19:07:16.368312
synth_room_1,2026-05-03,19:09:53.201,19:11:15.909,Human_Movement_1Human,4,0|1|2,2026-05-03T19:09:53.201645
synth_room_1,2026-05-03,19:11:15.951,19:11:38.784,Human_Movement_2+Humans,3,0|1|2,2026-05-03T19:11:15.951645
synth_room_1,2026-05-03,19:11:38.826,19:13:50.951,Human_Movement_2+Humans,3,0|1|2,2026-05-03T19:11:38.826645
synth_room_1,2026-05-03,19:13:50.993,19:14:22.618,Human_Movement_2+fall,8,0|1|2,2026-05-03T19:13:50.993312
synth_room_1,2026-05-03,19:14:22.659,19:14:25.118,Human_Movement_2+Humans,3,0|1|2,2026-05-03T19:14:22.659979
synth_room_1,2026-05-03,19:14:25.159,19:15:37.659,Human_Movement_1Human,4,0|1|2,2026-05-03T19:14:25.159979
synth_room_1,2026-05-03,19:15:37.701,19:16:38.784,Empty,10,0|1|2,2026-05-03T19:15:37.701645
synth_room_1,2026-05-03,19:16:38.826,19:18:24.451,Empty,10,0|1|2,2026-05-03T19:16:38.826645
synth_room_1,2026-05-03,19:18:24.493,19:20:50.118,Human_Movement_1Human,4,0|1|2,2026-05-03T19:18:24.493312
synth_room_1,2026-05-03,19:20:50.159,19:21:22.951,Empty,10,0|1|2,2026-05-03T19:20:50.159979
synth_room_1,2026-05-03,19:21:22.993,19:21:38.784,Human_Movement_1Human,4,0|1|2,2026-05-03T19:21:22.993312
synth_room_1,2026-05-03,19:21:38.826,19:23:55.618,Human_Movement_1Human,4,0|1|2,2026-05-03T19:21:38.826645
synth_room_1,2026-05-03,19:23:55.659,19:26:38.784,Human_Movement_2+Humans,3,0|1|2,2026-05-03T19:23:55.659979
synth_room_1,2026-05-03,19:26:38.826,19:27:20.159,Human_Movement_2+Humans,3,0|1|2,2026-05-03T19:26:38.826645
synth_room_1,2026-05-03,19:27:20.201,19:27:58.743,Contact_2+Humans,2,0|1|2,2026-05-03T19:27:20.201645
synth_room_1,2026-05-03,19:27:58.784,19:28:50.118,Human_Movement_2+Humans,3,0|1|2,2026-05-03T19:27:58.784979
synth_room_1,2026-05-03,19:28:50.159,19:28:50.701,Human_Movement_1Human,4,0|1|2,2026-05-03T19:28:50.159979
synth_room_1,2026-05-03,19:28:50.743,19:29:22.243,Empty,10,0|1|2,2026-05-03T19:28:50.743312
synth_room_1,2026-05-03,19:29:22.284,19:31:38.784,Human_Movement_1Human,4,0|1|2,2026-05-03T19:29:22.284979
synth_room_1,2026-05-03,19:31:38.826,19:31:51.784,Human_Movement_1Human,4,0|1|2,2026-05-03T19:31:38.826645
synth_room_1,2026-05-03,19:31:51.826,19:34:00.451,Human_Movement_2+Humans,3,0|1|2,2026-05-03T19:31:51.826645
synth_room_1,2026-05-03,19:34:00.493,19:35:59.243,Human_Movement_2+Fire,6,0|1|2,2026-05-03T19:34:00.493312
synth_room_1,2026-05-03,19:35:59.284,19:36:02.409,Human_Movement_2+Humans,3,0|1|2,2026-05-03T19:35:59.284979
synth_room_1,2026-05-03,19:36:02.451,19:36:04.784,Human_Movement_1Human,4,0|1|2,2026-05-03T19:36:02.451645
synth_room_1,2026-05-03,19:36:04.826,19:36:38.784,Empty,10,0|1|2,2026-05-03T19:36:04.826645
synth_room_1,2026-05-03,19:36:38.826,19:40:18.951,Empty,10,0|1|2,2026-05-03T19:36:38.826645
synth_room_1,2026-05-03,19:40:18.993,19:41:38.784,Human_Movement_1Human,4,0|1|2,2026-05-03T19:40:18.993312
synth_room_1,2026-05-03,19:41:38.826,19:43:12.034,Human_Movement_1Human,4,0|1|2,2026-05-03T19:41:38.826645
synth_room_1,2026-05-03,19:43:12.076,19:45:55.701,Human_Movement_2+Humans,3,0|1|2,2026-05-03T19:43:12.076645
synth_room_1,2026-05-03,19:45:55.743,19:46:18.701,Contact_2+Humans,2,0|1|2,2026-05-03T19:45:55.743312
synth_room_1,2026-05-03,19:46:18.743,19:46:38.784,Violence_2+Humans,1,0|1|2,2026-05-03T19:46:18.743312
synth_room_1,2026-05-03,19:46:38.826,19:48:49.993,Violence_2+Humans,1,0|1|2,2026-05-03T19:46:38.826645
synth_room_1,2026-05-03,19:48:50.034,19:49:18.784,Human_Movement_2+fall,8,0|1|2,2026-05-03T19:48:50.034979
synth_room_1,2026-05-03,19:49:18.826,19:49:22.743,Human_Movement_2+Humans,3,0|1|2,2026-05-03T19:49:18.826645
synth_room_1,2026-05-03,19:49:22.784,19:50:14.493,Human_Movement_1Human,4,0|1|2,2026-05-03T19:49:22.784979
synth_room_1,2026-05-03,19:50:14.534,19:51:38.784,Empty,10,0|1|2,2026-05-03T19:50:14.534979
synth_room_1,2026-05-03,19:51:38.826,19:52:43.118,Empty,10,0|1|2,2026-05-03T19:51:38.826645
synth_room_1,2026-05-03,19:52:43.159,19:56:38.784,Human_Movement_1Human,4,0|1|2,2026-05-03T19:52:43.159979
synth_room_1,2026-05-03,19:56:38.826,19:59:28.493,Human_Movement_1Human,4,0|1|2,2026-05-03T19:56:38.826645
synth_room_1,2026-05-03,19:59:28.534,20:01:38.784,Empty,10,0|1|2,2026-05-03T19:59:28.534979
synth_room_1,2026-05-03,20:01:38.826,20:02:00.534,Empty,10,0|1|2,2026-05-03T20:01:38.826645
synth_room_1,2026-05-03,20:02:00.576,20:02:41.826,Human_Movement_1Human,4,0|1|2,2026-05-03T20:02:00.576645
synth_room_1,2026-05-03,20:02:41.868,20:05:05.284,Human_Movement_1Human+Fire,7,0|1|2,2026-05-03T20:02:41.868312
synth_room_1,2026-05-03,20:05:05.326,20:05:07.826,Human_Movement_1Human,4,0|1|2,2026-05-03T20:05:05.326645
synth_room_1,2026-05-03,20:05:07.868,20:05:29.909,Empty,10,0|1|2,2026-05-03T20:05:07.868312
synth_room_1,2026-05-03,20:05:29.951,20:06:38.784,Human_Movement_1Human,4,0|1|2,2026-05-03T20:05:29.951645
synth_room_1,2026-05-03,20:06:38.826,20:08:00.451,Human_Movement_1Human,4,0|1|2,2026-05-03T20:06:38.826645
synth_room_1,2026-05-03,20:08:00.493,20:10:35.368,Human_Movement_2+Humans,3,0|1|2,2026-05-03T20:08:00.493312
synth_room_1,2026-05-03,20:10:35.409,20:10:36.118,Human_Movement_1Human,4,0|1|2,2026-05-03T20:10:35.409979
synth_room_1,2026-05-03,20:10:36.159,20:11:38.784,Empty,10,0|1|2,2026-05-03T20:10:36.159979
synth_room_1,2026-05-03,20:11:38.826,20:12:39.201,Empty,10,0|1|2,2026-05-03T20:11:38.826645
synth_room_1,2026-05-03,20:12:39.243,20:13:55.326,Human_Movement_1Human,4,0|1|2,2026-05-03T20:12:39.243312
synth_room_1,2026-05-03,20:13:55.368,20:15:45.284,Human_Movement_2+Humans,3,0|1|2,2026-05-03T20:13:55.368312
synth_room_1,2026-05-03,20:15:45.326,20:16:38.784,Human_Movement_2+Fire,6,0|1|2,2026-05-03T20:15:45.326645
synth_room_1,2026-05-03,20:16:38.826,20:18:19.951,Human_Movement_2+Fire,6,0|1|2,2026-05-03T20:16:38.826645
synth_room_1,2026-05-03,20:18:19.993,20:18:20.159,Human_Movement_2+Humans,3,0|1|2,2026-05-03T20:18:19.993312
synth_room_1,2026-05-03,20:18:20.201,20:18:21.951,Human_Movement_1Human,4,0|1|2,2026-05-03T20:18:20.201645
synth_room_1,2026-05-03,20:18:21.993,20:21:38.784,Empty,10,0|1|2,2026-05-03T20:18:21.993312
synth_room_1,2026-05-03,20:21:38.826,20:22:43.201,Empty,10,0|1|2,2026-05-03T20:21:38.826645
synth_room_1,2026-05-03,20:22:43.243,20:25:38.076,Fire,5,0|1|2,2026-05-03T20:22:43.243312
synth_room_1,2026-05-03,20:25:38.118,20:26:38.784,Empty,10,0|1|2,2026-05-03T20:25:38.118312
synth_room_1,2026-05-03,20:26:38.826,20:28:49.576,Empty,10,0|1|2,2026-05-03T20:26:38.826645
synth_room_1,2026-05-03,20:28:49.618,20:29:47.451,Fire,5,0|1|2,2026-05-03T20:28:49.618312
synth_room_1,2026-05-03,20:29:47.493,20:31:38.784,Empty,10,0|1|2,2026-05-03T20:29:47.493312
synth_room_1,2026-05-03,20:31:38.826,20:34:40.034,Empty,10,0|1|2,2026-05-03T20:31:38.826645
synth_room_1,2026-05-03,20:34:40.076,20:36:38.784,Human_Movement_1Human,4,0|1|2,2026-05-03T20:34:40.076645
synth_room_1,2026-05-03,20:36:38.826,20:37:24.243,Human_Movement_1Human,4,0|1|2,2026-05-03T20:36:38.826645
synth_room_1,2026-05-03,20:37:24.284,20:40:16.493,Empty,10,0|1|2,2026-05-03T20:37:24.284979
synth_room_1,2026-05-03,20:40:16.534,20:41:38.784,Human_Movement_1Human,4,0|1|2,2026-05-03T20:40:16.534979
synth_room_1,2026-05-03,20:41:38.826,20:41:46.034,Human_Movement_1Human,4,0|1|2,2026-05-03T20:41:38.826645
synth_room_1,2026-05-03,20:41:46.076,20:44:18.743,Human_Movement_2+Humans,3,0|1|2,2026-05-03T20:41:46.076645
synth_room_1,2026-05-03,20:44:18.784,20:46:08.034,Contact_2+Humans,2,0|1|2,2026-05-03T20:44:18.784979
synth_room_1,2026-05-03,20:46:08.076,20:46:11.326,Human_Movement_2+Humans,3,0|1|2,2026-05-03T20:46:08.076645
synth_room_1,2026-05-03,20:46:11.368,20:46:11.993,Human_Movement_1Human,4,0|1|2,2026-05-03T20:46:11.368312
synth_room_1,2026-05-03,20:46:12.034,20:46:38.784,Empty,10,0|1|2,2026-05-03T20:46:12.034979
synth_room_1,2026-05-03,20:46:38.826,20:51:10.701,Empty,10,0|1|2,2026-05-03T20:46:38.826645
synth_room_1,2026-05-03,20:51:10.743,20:51:38.784,Human_Movement_1Human,4,0|1|2,2026-05-03T20:51:10.743312
synth_room_1,2026-05-03,20:51:38.826,20:53:42.284,Human_Movement_1Human,4,0|1|2,2026-05-03T20:51:38.826645
synth_room_1,2026-05-03,20:53:42.326,20:54:37.159,Human_Movement_1Human+fall,9,0|1|2,2026-05-03T20:53:42.326645
synth_room_1,2026-05-03,20:54:37.201,20:54:38.993,Human_Movement_1Human,4,0|1|2,2026-05-03T20:54:37.201645
synth_room_1,2026-05-03,20:54:39.034,20:55:17.618,Empty,10,0|1|2,2026-05-03T20:54:39.034979
synth_room_1,2026-05-03,20:55:17.659,20:55:20.618,Human_Movement_1Human,4,0|1|2,2026-05-03T20:55:17.659979
synth_room_1,2026-05-03,20:55:20.659,20:55:56.034,Human_Movement_2+Humans,3,0|1|2,2026-05-03T20:55:20.659979
synth_room_1,2026-05-03,20:55:56.076,20:56:09.576,Human_Movement_2+fall,8,0|1|2,2026-05-03T20:55:56.076645
synth_room_1,2026-05-03,20:56:09.618,20:56:11.659,Human_Movement_2+Humans,3,0|1|2,2026-05-03T20:56:09.618312
synth_room_1,2026-05-03,20:56:11.701,20:56:38.784,Human_Movement_1Human,4,0|1|2,2026-05-03T20:56:11.701645
synth_room_1,2026-05-03,20:56:38.826,20:58:50.451,Human_Movement_1Human,4,0|1|2,2026-05-03T20:56:38.826645
synth_room_1,2026-05-03,20:58:50.493,21:00:58.451,Empty,10,0|1|2,2026-05-03T20:58:50.493312
synth_room_1,2026-05-03,21:00:58.493,21:01:38.784,Human_Movement_1Human,4,0|1|2,2026-05-03T21:00:58.493312
synth_room_1,2026-05-03,21:01:38.826,21:01:57.326,Human_Movement_1Human,4,0|1|2,2026-05-03T21:01:38.826645
synth_room_1,2026-05-03,21:01:57.368,21:03:39.868,Human_Movement_1Human+Fire,7,0|1|2,2026-05-03T21:01:57.368312
synth_room_1,2026-05-03,21:03:39.909,21:03:43.076,Human_Movement_1Human,4,0|1|2,2026-05-03T21:03:39.909979
synth_room_1,2026-05-03,21:03:43.118,21:05:33.034,Empty,10,0|1|2,2026-05-03T21:03:43.118312
synth_room_1,2026-05-03,21:05:33.076,21:06:38.784,Fire,5,0|1|2,2026-05-03T21:05:33.076645
synth_room_1,2026-05-03,21:06:38.826,21:07:04.951,Fire,5,0|1|2,2026-05-03T21:06:38.826645
synth_room_1,2026-05-03,21:07:04.993,21:08:10.451,Empty,10,0|1|2,2026-05-03T21:07:04.993312
synth_room_1,2026-05-03,21:08:10.493,21:09:06.826,Human_Movement_1Human,4,0|1|2,2026-05-03T21:08:10.493312
synth_room_1,2026-05-03,21:09:06.868,21:10:50.826,Empty,10,0|1|2,2026-05-03T21:09:06.868312
synth_room_1,2026-05-03,21:10:50.868,21:11:38.784,Human_Movement_1Human,4,0|1|2,2026-05-03T21:10:50.868312
synth_room_1,2026-05-03,21:11:38.826,21:12:54.951,Human_Movement_1Human,4,0|1|2,2026-05-03T21:11:38.826645
synth_room_1,2026-05-03,21:12:54.993,21:16:38.784,Human_Movement_2+Humans,3,0|1|2,2026-05-03T21:12:54.993312
synth_room_1,2026-05-03,21:16:38.826,21:18:18.701,Human_Movement_2+Humans,3,0|1|2,2026-05-03T21:16:38.826645
synth_room_1,2026-05-03,21:18:18.743,21:18:19.326,Human_Movement_1Human,4,0|1|2,2026-05-03T21:18:18.743312
synth_room_1,2026-05-03,21:18:19.368,21:20:32.909,Empty,10,0|1|2,2026-05-03T21:18:19.368312
synth_room_1,2026-05-03,21:20:32.951,21:21:38.784,Human_Movement_1Human,4,0|1|2,2026-05-03T21:20:32.951645
synth_room_1,2026-05-03,21:21:38.826,21:22:07.743,Human_Movement_1Human,4,0|1|2,2026-05-03T21:21:38.826645
synth_room_1,2026-05-03,21:22:07.784,21:25:37.951,Human_Movement_2+Humans,3,0|1|2,2026-05-03T21:22:07.784979
synth_room_1,2026-05-03,21:25:37.993,21:25:38.618,Human_Movement_1Human,4,0|1|2,2026-05-03T21:25:37.993312
synth_room_1,2026-05-03,21:25:38.659,21:26:38.784,Empty,10,0|1|2,2026-05-03T21:25:38.659979
synth_room_1,2026-05-03,21:26:38.826,21:29:03.868,Empty,10,0|1|2,2026-05-03T21:26:38.826645
synth_room_1,2026-05-03,21:29:03.909,21:31:38.784,Fire,5,0|1|2,2026-05-03T21:29:03.909979
synth_room_1,2026-05-03,21:31:38.826,21:31:54.034,Fire,5,0|1|2,2026-05-03T21:31:38.826645
synth_room_1,2026-05-03,21:31:54.076,21:32:34.784,Empty,10,0|1|2,2026-05-03T21:31:54.076645
synth_room_1,2026-05-03,21:32:34.826,21:36:38.784,Human_Movement_1Human,4,0|1|2,2026-05-03T21:32:34.826645
synth_room_1,2026-05-03,21:36:38.826,21:39:32.118,Human_Movement_1Human,4,0|1|2,2026-05-03T21:36:38.826645
synth_room_1,2026-05-03,21:39:32.159,21:40:43.701,Human_Movement_2+Humans,3,0|1|2,2026-05-03T21:39:32.159979
synth_room_1,2026-05-03,21:40:43.743,21:40:57.284,Contact_2+Humans,2,0|1|2,2026-05-03T21:40:43.743312
synth_room_1,2026-05-03,21:40:57.326,21:41:38.784,Violence_2+Humans,1,0|1|2,2026-05-03T21:40:57.326645
synth_room_1,2026-05-03,21:41:38.826,21:42:44.534,Violence_2+Humans,1,0|1|2,2026-05-03T21:41:38.826645
synth_room_1,2026-05-03,21:42:44.576,21:43:43.159,Human_Movement_2+fall,8,0|1|2,2026-05-03T21:42:44.576645
synth_room_1,2026-05-03,21:43:43.201,21:43:48.701,Human_Movement_2+Humans,3,0|1|2,2026-05-03T21:43:43.201645
synth_room_1,2026-05-03,21:43:48.743,21:45:34.868,Human_Movement_1Human,4,0|1|2,2026-05-03T21:43:48.743312
synth_room_1,2026-05-03,21:45:34.909,21:46:38.784,Empty,10,0|1|2,2026-05-03T21:45:34.909979
synth_room_1,2026-05-03,21:46:38.826,21:48:37.909,Empty,10,0|1|2,2026-05-03T21:46:38.826645
synth_room_1,2026-05-03,21:48:37.951,21:49:07.201,Human_Movement_1Human,4,0|1|2,2026-05-03T21:48:37.951645
synth_room_1,2026-05-03,21:49:07.243,21:49:39.784,Human_Movement_1Human+fall,9,0|1|2,2026-05-03T21:49:07.243312
synth_room_1,2026-05-03,21:49:39.826,21:49:42.076,Human_Movement_1Human,4,0|1|2,2026-05-03T21:49:39.826645
synth_room_1,2026-05-03,21:49:42.118,21:51:38.784,Empty,10,0|1|2,2026-05-03T21:49:42.118312
synth_room_1,2026-05-03,21:51:38.826,21:54:28.534,Empty,10,0|1|2,2026-05-03T21:51:38.826645
synth_room_1,2026-05-03,21:54:28.576,21:56:38.784,Human_Movement_1Human,4,0|1|2,2026-05-03T21:54:28.576645
synth_room_1,2026-05-03,21:56:38.826,21:57:21.409,Human_Movement_1Human,4,0|1|2,2026-05-03T21:56:38.826645
synth_room_1,2026-05-03,21:57:21.451,22:01:38.784,Human_Movement_2+Humans,3,0|1|2,2026-05-03T21:57:21.451645
synth_room_1,2026-05-03,22:01:38.826,22:06:38.784,Human_Movement_2+Humans,3,0|1|2,2026-05-03T22:01:38.826645
synth_room_1,2026-05-03,22:06:38.826,22:11:38.784,Human_Movement_2+Humans,3,0|1|2,2026-05-03T22:06:38.826645
synth_room_1,2026-05-03,22:11:38.826,22:16:38.784,Human_Movement_2+Humans,3,0|1|2,2026-05-03T22:11:38.826645
synth_room_1,2026-05-03,22:16:38.826,22:21:38.784,Human_Movement_2+Humans,3,0|1|2,2026-05-03T22:16:38.826645
synth_room_1,2026-05-03,22:21:38.826,22:26:38.784,Human_Movement_2+Humans,3,0|1|2,2026-05-03T22:21:38.826645
synth_room_1,2026-05-03,22:26:38.826,22:31:38.784,Human_Movement_2+Humans,3,0|1|2,2026-05-03T22:26:38.826645
synth_room_1,2026-05-03,22:31:38.826,22:36:38.784,Human_Movement_2+Humans,3,0|1|2,2026-05-03T22:31:38.826645
synth_room_1,2026-05-03,22:36:38.826,22:41:38.784,Human_Movement_2+Humans,3,0|1|2,2026-05-03T22:36:38.826645
synth_room_1,2026-05-03,22:41:38.826,22:46:38.784,Human_Movement_2+Humans,3,0|1|2,2026-05-03T22:41:38.826645
synth_room_1,2026-05-03,22:46:38.826,22:51:38.784,Human_Movement_2+Humans,3,0|1|2,2026-05-03T22:46:38.826645
synth_room_1,2026-05-03,22:51:38.826,22:56:38.784,Human_Movement_2+Humans,3,0|1|2,2026-05-03T22:51:38.826645
synth_room_1,2026-05-03,22:56:38.826,23:01:38.784,Human_Movement_2+Humans,3,0|1|2,2026-05-03T22:56:38.826645
synth_room_1,2026-05-03,23:01:38.826,23:06:38.784,Human_Movement_2+Humans,3,0|1|2,2026-05-03T23:01:38.826645
synth_room_1,2026-05-03,23:06:38.826,23:11:38.784,Human_Movement_2+Humans,3,0|1|2,2026-05-03T23:06:38.826645
synth_room_1,2026-05-03,23:11:38.826,23:13:01.909,Human_Movement_2+Humans,3,0|1|2,2026-05-03T23:11:38.826645
synth_room_1,2026-05-03,23:13:01.951,23:13:02.701,Human_Movement_1Human,4,0|1|2,2026-05-03T23:13:01.951645
synth_room_1,2026-05-03,23:13:02.743,23:16:38.784,Empty,10,0|1|2,2026-05-03T23:13:02.743312
synth_room_1,2026-05-03,23:16:38.826,23:19:26.993,Empty,10,0|1|2,2026-05-03T23:16:38.826645
synth_room_1,2026-05-03,23:19:27.034,23:21:38.784,Human_Movement_1Human,4,0|1|2,2026-05-03T23:19:27.034978
synth_room_1,2026-05-03,23:21:38.826,23:26:38.784,Human_Movement_1Human,4,0|1|2,2026-05-03T23:21:38.826645
synth_room_1,2026-05-03,23:26:38.826,23:31:38.784,Human_Movement_1Human,4,0|1|2,2026-05-03T23:26:38.826645
synth_room_1,2026-05-03,23:31:38.826,23:33:49.409,Human_Movement_1Human,4,0|1|2,2026-05-03T23:31:38.826645
synth_room_1,2026-05-03,23:33:49.451,23:36:38.784,Empty,10,0|1|2,2026-05-03T23:33:49.451645
synth_room_1,2026-05-03,23:36:38.826,23:41:38.784,Empty,10,0|1|2,2026-05-03T23:36:38.826645
synth_room_1,2026-05-03,23:41:38.826,23:45:52.784,Empty,10,0|1|2,2026-05-03T23:41:38.826645
synth_room_1,2026-05-03,23:45:52.826,23:46:38.784,Human_Movement_1Human,4,0|1|2,2026-05-03T23:45:52.826645
synth_room_1,2026-05-03,23:46:38.826,23:51:38.784,Human_Movement_1Human,4,0|1|2,2026-05-03T23:46:38.826645
synth_room_1,2026-05-03,23:51:38.826,23:56:38.784,Human_Movement_1Human,4,0|1|2,2026-05-03T23:51:38.826645
synth_room_1,2026-05-03,23:56:38.826,00:01:38.784,Human_Movement_1Human,4,0|1|2,2026-05-03T23:56:38.826645
synth_room_1,2026-05-04,00:01:38.826,00:06:38.784,Human_Movement_1Human,4,0|1|2,2026-05-04T00:01:38.826645
synth_room_1,2026-05-04,00:06:38.826,00:11:38.784,Human_Movement_1Human,4,0|1|2,2026-05-04T00:06:38.826645
synth_room_1,2026-05-04,00:11:38.826,00:16:38.784,Human_Movement_1Human,4,0|1|2,2026-05-04T00:11:38.826645
synth_room_1,2026-05-04,00:16:38.826,00:21:38.784,Human_Movement_1Human,4,0|1|2,2026-05-04T00:16:38.826645
synth_room_1,2026-05-04,00:21:38.826,00:25:50.826,Human_Movement_1Human,4,0|1|2,2026-05-04T00:21:38.826645
synth_room_1,2026-05-04,00:25:50.868,00:26:38.784,Empty,10,0|1|2,2026-05-04T00:25:50.868311
synth_room_1,2026-05-04,00:26:38.826,00:28:47.326,Empty,10,0|1|2,2026-05-04T00:26:38.826645
synth_room_1,2026-05-04,00:28:47.368,00:31:38.784,Human_Movement_1Human,4,0|1|2,2026-05-04T00:28:47.368311
synth_room_1,2026-05-04,00:31:38.826,00:36:38.784,Human_Movement_1Human,4,0|1|2,2026-05-04T00:31:38.826645
synth_room_1,2026-05-04,00:36:38.826,00:37:27.534,Human_Movement_1Human,4,0|1|2,2026-05-04T00:36:38.826645
synth_room_1,2026-05-04,00:37:27.576,00:41:38.784,Empty,10,0|1|2,2026-05-04T00:37:27.576645
synth_room_1,2026-05-04,00:41:38.826,00:44:41.493,Empty,10,0|1|2,2026-05-04T00:41:38.826645
synth_room_1,2026-05-04,00:44:41.534,00:46:38.784,Human_Movement_1Human,4,0|1|2,2026-05-04T00:44:41.534978
synth_room_1,2026-05-04,00:46:38.826,00:51:38.784,Human_Movement_1Human,4,0|1|2,2026-05-04T00:46:38.826645
synth_room_1,2026-05-04,00:51:38.826,00:56:38.784,Human_Movement_1Human,4,0|1|2,2026-05-04T00:51:38.826645
synth_room_1,2026-05-04,00:56:38.826,01:01:38.784,Human_Movement_1Human,4,0|1|2,2026-05-04T00:56:38.826645
synth_room_1,2026-05-04,01:01:38.826,01:06:38.784,Human_Movement_1Human,4,0|1|2,2026-05-04T01:01:38.826645
synth_room_1,2026-05-04,01:06:38.826,01:11:38.784,Human_Movement_1Human,4,0|1|2,2026-05-04T01:06:38.826645
synth_room_1,2026-05-04,01:11:38.826,01:16:38.784,Human_Movement_1Human,4,0|1|2,2026-05-04T01:11:38.826645
synth_room_1,2026-05-04,01:16:38.826,01:21:38.784,Human_Movement_1Human,4,0|1|2,2026-05-04T01:16:38.826645
synth_room_1,2026-05-04,01:21:38.826,01:26:38.784,Human_Movement_1Human,4,0|1|2,2026-05-04T01:21:38.826645
synth_room_1,2026-05-04,01:26:38.826,01:31:38.784,Human_Movement_1Human,4,0|1|2,2026-05-04T01:26:38.826644
synth_room_1,2026-05-04,01:31:38.826,01:36:38.784,Human_Movement_1Human,4,0|1|2,2026-05-04T01:31:38.826644
synth_room_1,2026-05-04,01:36:38.826,01:39:46.659,Human_Movement_1Human,4,0|1|2,2026-05-04T01:36:38.826644
synth_room_1,2026-05-04,01:39:46.701,01:41:38.784,Empty,10,0|1|2,2026-05-04T01:39:46.701644
synth_room_1,2026-05-04,01:41:38.826,01:43:05.659,Empty,10,0|1|2,2026-05-04T01:41:38.826644
synth_room_1,2026-05-04,01:43:05.701,01:46:38.784,Human_Movement_1Human,4,0|1|2,2026-05-04T01:43:05.701644
synth_room_1,2026-05-04,01:46:38.826,01:51:38.784,Human_Movement_1Human,4,0|1|2,2026-05-04T01:46:38.826644
synth_room_1,2026-05-04,01:51:38.826,01:56:38.784,Human_Movement_1Human,4,0|1|2,2026-05-04T01:51:38.826644
synth_room_1,2026-05-04,01:56:38.826,02:01:38.784,Human_Movement_1Human,4,0|1|2,2026-05-04T01:56:38.826644
synth_room_1,2026-05-04,02:01:38.826,02:06:38.784,Human_Movement_1Human,4,0|1|2,2026-05-04T02:01:38.826644
synth_room_1,2026-05-04,02:06:38.826,02:09:56.659,Human_Movement_1Human,4,0|1|2,2026-05-04T02:06:38.826644
synth_room_1,2026-05-04,02:09:56.701,02:11:38.784,Empty,10,0|1|2,2026-05-04T02:09:56.701644
synth_room_1,2026-05-04,02:11:38.826,02:12:30.326,Empty,10,0|1|2,2026-05-04T02:11:38.826644
synth_room_1,2026-05-04,02:12:30.368,02:16:38.784,Human_Movement_1Human,4,0|1|2,2026-05-04T02:12:30.368311
synth_room_1,2026-05-04,02:16:38.826,02:18:09.659,Human_Movement_1Human,4,0|1|2,2026-05-04T02:16:38.826644
synth_room_1,2026-05-04,02:18:09.701,02:20:32.784,Empty,10,0|1|2,2026-05-04T02:18:09.701644
synth_room_1,2026-05-04,02:20:32.826,02:21:38.784,Human_Movement_1Human,4,0|1|2,2026-05-04T02:20:32.826644
synth_room_1,2026-05-04,02:21:38.826,02:25:57.909,Human_Movement_1Human,4,0|1|2,2026-05-04T02:21:38.826644
synth_room_1,2026-05-04,02:25:57.951,02:26:38.784,Empty,10,0|1|2,2026-05-04T02:25:57.951644
synth_room_1,2026-05-04,02:26:38.826,02:29:01.576,Empty,10,0|1|2,2026-05-04T02:26:38.826644
synth_room_1,2026-05-04,02:29:01.618,02:31:38.784,Human_Movement_1Human,4,0|1|2,2026-05-04T02:29:01.618311
synth_room_1,2026-05-04,02:31:38.826,02:36:38.784,Human_Movement_1Human,4,0|1|2,2026-05-04T02:31:38.826644
synth_room_1,2026-05-04,02:36:38.826,02:41:38.784,Human_Movement_1Human,4,0|1|2,2026-05-04T02:36:38.826644
synth_room_1,2026-05-04,02:41:38.826,02:46:38.784,Human_Movement_1Human,4,0|1|2,2026-05-04T02:41:38.826644
synth_room_1,2026-05-04,02:46:38.826,02:51:38.784,Human_Movement_1Human,4,0|1|2,2026-05-04T02:46:38.826644
synth_room_1,2026-05-04,02:51:38.826,02:56:38.784,Human_Movement_1Human,4,0|1|2,2026-05-04T02:51:38.826644
synth_room_1,2026-05-04,02:56:38.826,03:01:38.784,Human_Movement_1Human,4,0|1|2,2026-05-04T02:56:38.826644
synth_room_1,2026-05-04,03:01:38.826,03:06:38.784,Human_Movement_1Human,4,0|1|2,2026-05-04T03:01:38.826644
synth_room_1,2026-05-04,03:06:38.826,03:11:38.784,Human_Movement_1Human,4,0|1|2,2026-05-04T03:06:38.826644
synth_room_1,2026-05-04,03:11:38.826,03:15:27.701,Human_Movement_1Human,4,0|1|2,2026-05-04T03:11:38.826644
synth_room_1,2026-05-04,03:15:27.743,03:16:38.784,Empty,10,0|1|2,2026-05-04T03:15:27.743311
synth_room_1,2026-05-04,03:16:38.826,03:21:24.743,Empty,10,0|1|2,2026-05-04T03:16:38.826644
synth_room_1,2026-05-04,03:21:24.784,03:21:38.784,Human_Movement_1Human,4,0|1|2,2026-05-04T03:21:24.784977
synth_room_1,2026-05-04,03:21:38.826,03:26:38.784,Human_Movement_1Human,4,0|1|2,2026-05-04T03:21:38.826644
synth_room_1,2026-05-04,03:26:38.826,03:28:51.701,Human_Movement_1Human,4,0|1|2,2026-05-04T03:26:38.826644
synth_room_1,2026-05-04,03:28:51.743,03:31:38.784,Empty,10,0|1|2,2026-05-04T03:28:51.743311
synth_room_1,2026-05-04,03:31:38.826,03:32:49.284,Empty,10,0|1|2,2026-05-04T03:31:38.826644
synth_room_1,2026-05-04,03:32:49.326,03:36:38.784,Human_Movement_1Human,4,0|1|2,2026-05-04T03:32:49.326644
synth_room_1,2026-05-04,03:36:38.826,03:41:38.784,Human_Movement_1Human,4,0|1|2,2026-05-04T03:36:38.826644
synth_room_1,2026-05-04,03:41:38.826,03:46:38.784,Human_Movement_1Human,4,0|1|2,2026-05-04T03:41:38.826644
synth_room_1,2026-05-04,03:46:38.826,03:51:38.784,Human_Movement_1Human,4,0|1|2,2026-05-04T03:46:38.826644
synth_room_1,2026-05-04,03:51:38.826,03:56:38.784,Human_Movement_1Human,4,0|1|2,2026-05-04T03:51:38.826644
synth_room_1,2026-05-04,03:56:38.826,04:01:38.784,Human_Movement_1Human,4,0|1|2,2026-05-04T03:56:38.826644
synth_room_1,2026-05-04,04:01:38.826,04:06:38.784,Human_Movement_1Human,4,0|1|2,2026-05-04T04:01:38.826644
synth_room_1,2026-05-04,04:06:38.826,04:11:38.784,Human_Movement_1Human,4,0|1|2,2026-05-04T04:06:38.826644
synth_room_1,2026-05-04,04:11:38.826,04:15:42.451,Human_Movement_1Human,4,0|1|2,2026-05-04T04:11:38.826644
synth_room_1,2026-05-04,04:15:42.493,04:16:38.784,Empty,10,0|1|2,2026-05-04T04:15:42.493311
synth_room_1,2026-05-04,04:16:38.826,04:21:38.784,Empty,10,0|1|2,2026-05-04T04:16:38.826644
synth_room_1,2026-05-04,04:21:38.826,04:23:14.618,Empty,10,0|1|2,2026-05-04T04:21:38.826644
synth_room_1,2026-05-04,04:23:14.659,04:25:24.284,Human_Movement_1Human,4,0|1|2,2026-05-04T04:23:14.659977
synth_room_1,2026-05-04,04:25:24.326,04:26:38.784,Empty,10,0|1|2,2026-05-04T04:25:24.326644
synth_room_1,2026-05-04,04:26:38.826,04:30:22.993,Empty,10,0|1|2,2026-05-04T04:26:38.826644
synth_room_1,2026-05-04,04:30:23.034,04:31:38.784,Human_Movement_1Human,4,0|1|2,2026-05-04T04:30:23.034977
synth_room_1,2026-05-04,04:31:38.826,04:33:03.243,Human_Movement_1Human,4,0|1|2,2026-05-04T04:31:38.826644
synth_room_1,2026-05-04,04:33:03.284,04:36:38.784,Empty,10,0|1|2,2026-05-04T04:33:03.284977
synth_room_1,2026-05-04,04:36:38.826,04:37:04.451,Empty,10,0|1|2,2026-05-04T04:36:38.826644
synth_room_1,2026-05-04,04:37:04.493,04:41:38.784,Human_Movement_1Human,4,0|1|2,2026-05-04T04:37:04.493310
synth_room_1,2026-05-04,04:41:38.826,04:43:46.493,Human_Movement_1Human,4,0|1|2,2026-05-04T04:41:38.826644
synth_room_1,2026-05-04,04:43:46.534,04:45:45.076,Empty,10,0|1|2,2026-05-04T04:43:46.534977
synth_room_1,2026-05-04,04:45:45.118,04:46:38.784,Human_Movement_1Human,4,0|1|2,2026-05-04T04:45:45.118310
synth_room_1,2026-05-04,04:46:38.826,04:47:59.534,Human_Movement_1Human,4,0|1|2,2026-05-04T04:46:38.826644
synth_room_1,2026-05-04,04:47:59.576,04:50:12.284,Empty,10,0|1|2,2026-05-04T04:47:59.576644
synth_room_1,2026-05-04,04:50:12.326,04:51:38.784,Human_Movement_1Human,4,0|1|2,2026-05-04T04:50:12.326644
synth_room_1,2026-05-04,04:51:38.826,04:56:38.784,Human_Movement_1Human,4,0|1|2,2026-05-04T04:51:38.826644
synth_room_1,2026-05-04,04:56:38.826,05:01:38.784,Human_Movement_1Human,4,0|1|2,2026-05-04T04:56:38.826644
synth_room_1,2026-05-04,05:01:38.826,05:03:44.201,Human_Movement_1Human,4,0|1|2,2026-05-04T05:01:38.826644
synth_room_1,2026-05-04,05:03:44.243,05:06:38.784,Empty,10,0|1|2,2026-05-04T05:03:44.243310
synth_room_1,2026-05-04,05:06:38.826,05:07:45.409,Empty,10,0|1|2,2026-05-04T05:06:38.826644
synth_room_1,2026-05-04,05:07:45.451,05:08:10.284,Human_Movement_1Human,4,0|1|2,2026-05-04T05:07:45.451644
synth_room_1,2026-05-04,05:08:10.326,05:10:20.618,Empty,10,0|1|2,2026-05-04T05:08:10.326644
synth_room_1,2026-05-04,05:10:20.659,05:11:38.784,Human_Movement_1Human,4,0|1|2,2026-05-04T05:10:20.659977
synth_room_1,2026-05-04,05:11:38.826,05:12:55.034,Human_Movement_1Human,4,0|1|2,2026-05-04T05:11:38.826644
synth_room_1,2026-05-04,05:12:55.076,05:13:50.743,Empty,10,0|1|2,2026-05-04T05:12:55.076644
synth_room_1,2026-05-04,05:13:50.784,05:16:38.784,Human_Movement_1Human,4,0|1|2,2026-05-04T05:13:50.784977
synth_room_1,2026-05-04,05:16:38.826,05:21:38.784,Human_Movement_1Human,4,0|1|2,2026-05-04T05:16:38.826644
synth_room_1,2026-05-04,05:21:38.826,05:26:38.784,Human_Movement_1Human,4,0|1|2,2026-05-04T05:21:38.826644
synth_room_1,2026-05-04,05:26:38.826,05:31:38.784,Human_Movement_1Human,4,0|1|2,2026-05-04T05:26:38.826644
synth_room_1,2026-05-04,05:31:38.826,05:36:38.784,Human_Movement_1Human,4,0|1|2,2026-05-04T05:31:38.826644
synth_room_1,2026-05-04,05:36:38.826,05:41:38.784,Human_Movement_1Human,4,0|1|2,2026-05-04T05:36:38.826644
synth_room_1,2026-05-04,05:41:38.826,05:46:38.784,Human_Movement_1Human,4,0|1|2,2026-05-04T05:41:38.826644
synth_room_1,2026-05-04,05:46:38.826,05:51:38.784,Human_Movement_1Human,4,0|1|2,2026-05-04T05:46:38.826644
synth_room_1,2026-05-04,05:51:38.826,05:56:38.784,Human_Movement_1Human,4,0|1|2,2026-05-04T05:51:38.826644
synth_room_1,2026-05-04,05:56:38.826,05:56:49.284,Human_Movement_1Human,4,0|1|2,2026-05-04T05:56:38.826644
synth_room_1,2026-05-04,05:56:49.326,05:59:58.076,Empty,10,0|1|2,2026-05-04T05:56:49.326644
synth_room_1,2026-05-04,05:59:58.118,06:01:38.784,Human_Movement_1Human,4,0|1|2,2026-05-04T05:59:58.118310
synth_room_1,2026-05-04,06:01:38.826,06:06:38.784,Human_Movement_1Human,4,0|1|2,2026-05-04T06:01:38.826644
synth_room_1,2026-05-04,06:06:38.826,06:11:38.784,Human_Movement_1Human,4,0|1|2,2026-05-04T06:06:38.826644
synth_room_1,2026-05-04,06:11:38.826,06:16:38.784,Human_Movement_1Human,4,0|1|2,2026-05-04T06:11:38.826643
synth_room_1,2026-05-04,06:16:38.826,06:21:38.784,Human_Movement_1Human,4,0|1|2,2026-05-04T06:16:38.826643
synth_room_1,2026-05-04,06:21:38.826,06:26:38.784,Human_Movement_1Human,4,0|1|2,2026-05-04T06:21:38.826643
synth_room_1,2026-05-04,06:26:38.826,06:31:38.784,Human_Movement_1Human,4,0|1|2,2026-05-04T06:26:38.826644
synth_room_1,2026-05-04,06:31:38.826,06:33:31.951,Human_Movement_1Human,4,0|1|2,2026-05-04T06:31:38.826644
synth_room_1,2026-05-04,06:33:31.993,06:36:38.784,Empty,10,0|1|2,2026-05-04T06:33:31.993310
synth_room_1,2026-05-04,06:36:38.826,06:37:17.368,Empty,10,0|1|2,2026-05-04T06:36:38.826644
synth_room_1,2026-05-04,06:37:17.409,06:38:39.493,Human_Movement_1Human,4,0|1|2,2026-05-04T06:37:17.409977
synth_room_1,2026-05-04,06:38:39.534,06:41:38.784,Empty,10,0|1|2,2026-05-04T06:38:39.534977
synth_room_1,2026-05-04,06:41:38.826,06:42:06.118,Empty,10,0|1|2,2026-05-04T06:41:38.826644
synth_room_1,2026-05-04,06:42:06.159,06:43:51.201,Human_Movement_1Human,4,0|1|2,2026-05-04T06:42:06.159977
synth_room_1,2026-05-04,06:43:51.243,06:44:24.743,Empty,10,0|1|2,2026-05-04T06:43:51.243310
synth_room_1,2026-05-04,06:44:24.784,06:46:38.784,Human_Movement_1Human,4,0|1|2,2026-05-04T06:44:24.784977
synth_room_1,2026-05-04,06:46:38.826,06:46:41.118,Human_Movement_1Human,4,0|1|2,2026-05-04T06:46:38.826644
synth_room_1,2026-05-04,06:46:41.159,06:48:58.826,Empty,10,0|1|2,2026-05-04T06:46:41.159977
synth_room_1,2026-05-04,06:48:58.868,06:51:38.784,Human_Movement_1Human,4,0|1|2,2026-05-04T06:48:58.868310
synth_room_1,2026-05-04,06:51:38.826,06:56:38.784,Human_Movement_1Human,4,0|1|2,2026-05-04T06:51:38.826644
synth_room_1,2026-05-04,06:56:38.826,07:00:27.868,Human_Movement_1Human,4,0|1|2,2026-05-04T06:56:38.826644
synth_room_1,2026-05-04,07:00:27.909,07:01:38.784,Human_Movement_1Human+Fire,7,0|1|2,2026-05-04T07:00:27.909977
synth_room_1,2026-05-04,07:01:38.826,07:03:04.868,Human_Movement_1Human+Fire,7,0|1|2,2026-05-04T07:01:38.826644
synth_room_1,2026-05-04,07:03:04.909,07:03:07.326,Human_Movement_1Human,4,0|1|2,2026-05-04T07:03:04.909977
synth_room_1,2026-05-04,07:03:07.368,07:06:36.576,Empty,10,0|1|2,2026-05-04T07:03:07.368310
synth_room_1,2026-05-04,07:06:36.618,07:06:38.784,Human_Movement_1Human,4,0|1|2,2026-05-04T07:06:36.618310
synth_room_1,2026-05-04,07:06:38.826,07:09:14.576,Human_Movement_1Human,4,0|1|2,2026-05-04T07:06:38.826644
synth_room_1,2026-05-04,07:09:14.618,07:10:45.159,Human_Movement_2+Humans,3,0|1|2,2026-05-04T07:09:14.618310
synth_room_1,2026-05-04,07:10:45.201,07:11:38.784,Contact_2+Humans,2,0|1|2,2026-05-04T07:10:45.201644
synth_room_1,2026-05-04,07:11:38.826,07:12:56.618,Contact_2+Humans,2,0|1|2,2026-05-04T07:11:38.826644
synth_room_1,2026-05-04,07:12:56.659,07:12:59.201,Human_Movement_2+Humans,3,0|1|2,2026-05-04T07:12:56.659977
synth_room_1,2026-05-04,07:12:59.243,07:13:01.201,Human_Movement_1Human,4,0|1|2,2026-05-04T07:12:59.243311
synth_room_1,2026-05-04,07:13:01.243,07:15:26.118,Empty,10,0|1|2,2026-05-04T07:13:01.243311
synth_room_1,2026-05-04,07:15:26.159,07:16:38.784,Human_Movement_1Human,4,0|1|2,2026-05-04T07:15:26.159977
synth_room_1,2026-05-04,07:16:38.826,07:17:54.534,Human_Movement_1Human,4,0|1|2,2026-05-04T07:16:38.826644
synth_room_1,2026-05-04,07:17:54.576,07:21:15.576,Human_Movement_2+Humans,3,0|1|2,2026-05-04T07:17:54.576644
synth_room_1,2026-05-04,07:21:15.618,07:21:18.076,Human_Movement_1Human,4,0|1|2,2026-05-04T07:21:15.618311
synth_room_1,2026-05-04,07:21:18.118,07:21:38.784,Empty,10,0|1|2,2026-05-04T07:21:18.118311
synth_room_1,2026-05-04,07:21:38.826,07:26:38.784,Empty,10,0|1|2,2026-05-04T07:21:38.826644
synth_room_1,2026-05-04,07:26:38.826,07:27:22.493,Empty,10,0|1|2,2026-05-04T07:26:38.826644
synth_room_1,2026-05-04,07:27:22.534,07:28:46.118,Human_Movement_1Human,4,0|1|2,2026-05-04T07:27:22.534977
synth_room_1,2026-05-04,07:28:46.159,07:31:38.784,Human_Movement_2+Humans,3,0|1|2,2026-05-04T07:28:46.159977
synth_room_1,2026-05-04,07:31:38.826,07:35:56.368,Human_Movement_2+Humans,3,0|1|2,2026-05-04T07:31:38.826644
synth_room_1,2026-05-04,07:35:56.409,07:36:31.409,Human_Movement_2+fall,8,0|1|2,2026-05-04T07:35:56.409977
synth_room_1,2026-05-04,07:36:31.451,07:36:38.784,Human_Movement_2+Humans,3,0|1|2,2026-05-04T07:36:31.451644
synth_room_1,2026-05-04,07:36:38.826,07:36:49.076,Human_Movement_2+Humans,3,0|1|2,2026-05-04T07:36:38.826644
synth_room_1,2026-05-04,07:36:49.118,07:36:49.909,Human_Movement_1Human,4,0|1|2,2026-05-04T07:36:49.118311
synth_room_1,2026-05-04,07:36:49.951,07:40:51.451,Empty,10,0|1|2,2026-05-04T07:36:49.951644
synth_room_1,2026-05-04,07:40:51.493,07:41:38.784,Human_Movement_1Human,4,0|1|2,2026-05-04T07:40:51.493311
synth_room_1,2026-05-04,07:41:38.826,07:42:25.076,Human_Movement_1Human,4,0|1|2,2026-05-04T07:41:38.826644
synth_room_1,2026-05-04,07:42:25.118,07:42:40.993,Empty,10,0|1|2,2026-05-04T07:42:25.118311
synth_room_1,2026-05-04,07:42:41.034,07:43:12.659,Human_Movement_1Human,4,0|1|2,2026-05-04T07:42:41.034977
synth_room_1,2026-05-04,07:43:12.701,07:46:38.784,Human_Movement_2+Humans,3,0|1|2,2026-05-04T07:43:12.701644
synth_room_1,2026-05-04,07:46:38.826,07:48:33.659,Human_Movement_2+Humans,3,0|1|2,2026-05-04T07:46:38.826644
synth_room_1,2026-05-04,07:48:33.701,07:48:36.118,Human_Movement_1Human,4,0|1|2,2026-05-04T07:48:33.701644
synth_room_1,2026-05-04,07:48:36.159,07:51:38.784,Empty,10,0|1|2,2026-05-04T07:48:36.159977
synth_room_1,2026-05-04,07:51:38.826,07:52:14.284,Empty,10,0|1|2,2026-05-04T07:51:38.826644
synth_room_1,2026-05-04,07:52:14.326,07:56:38.784,Fire,5,0|1|2,2026-05-04T07:52:14.326644
synth_room_1,2026-05-04,07:56:38.826,07:58:22.784,Fire,5,0|1|2,2026-05-04T07:56:38.826644
synth_room_1,2026-05-04,07:58:22.826,07:59:57.493,Empty,10,0|1|2,2026-05-04T07:58:22.826644
synth_room_1,2026-05-04,07:59:57.534,08:01:38.784,Human_Movement_1Human,4,0|1|2,2026-05-04T07:59:57.534978
synth_room_1,2026-05-04,08:01:38.826,08:02:23.034,Human_Movement_1Human,4,0|1|2,2026-05-04T08:01:38.826644
synth_room_1,2026-05-04,08:02:23.076,08:06:38.784,Human_Movement_1Human+Fire,7,0|1|2,2026-05-04T08:02:23.076644
synth_room_1,2026-05-04,08:06:38.826,08:09:16.951,Human_Movement_1Human+Fire,7,0|1|2,2026-05-04T08:06:38.826644
synth_room_1,2026-05-04,08:09:16.993,08:09:19.159,Human_Movement_1Human,4,0|1|2,2026-05-04T08:09:16.993311
synth_room_1,2026-05-04,08:09:19.201,08:11:38.784,Empty,10,0|1|2,2026-05-04T08:09:19.201644
synth_room_1,2026-05-04,08:11:38.826,08:13:19.909,Empty,10,0|1|2,2026-05-04T08:11:38.826644
synth_room_1,2026-05-04,08:13:19.951,08:16:38.784,Human_Movement_1Human,4,0|1|2,2026-05-04T08:13:19.951644
synth_room_1,2026-05-04,08:16:38.826,08:17:32.076,Human_Movement_1Human,4,0|1|2,2026-05-04T08:16:38.826644
synth_room_1,2026-05-04,08:17:32.118,08:21:38.784,Empty,10,0|1|2,2026-05-04T08:17:32.118311
synth_room_1,2026-05-04,08:21:38.826,08:22:45.201,Empty,10,0|1|2,2026-05-04T08:21:38.826644
synth_room_1,2026-05-04,08:22:45.243,08:24:38.951,Human_Movement_1Human,4,0|1|2,2026-05-04T08:22:45.243311
synth_room_1,2026-05-04,08:24:38.993,08:25:05.284,Human_Movement_1Human+fall,9,0|1|2,2026-05-04T08:24:38.993311
synth_room_1,2026-05-04,08:25:05.326,08:25:06.701,Human_Movement_1Human,4,0|1|2,2026-05-04T08:25:05.326644
synth_room_1,2026-05-04,08:25:06.743,08:26:38.784,Empty,10,0|1|2,2026-05-04T08:25:06.743311
synth_room_1,2026-05-04,08:26:38.826,08:29:46.159,Empty,10,0|1|2,2026-05-04T08:26:38.826644
synth_room_1,2026-05-04,08:29:46.201,08:31:38.784,Human_Movement_1Human,4,0|1|2,2026-05-04T08:29:46.201644
synth_room_1,2026-05-04,08:31:38.826,08:34:04.368,Human_Movement_1Human,4,0|1|2,2026-05-04T08:31:38.826644
synth_room_1,2026-05-04,08:34:04.409,08:36:30.076,Empty,10,0|1|2,2026-05-04T08:34:04.409978
synth_room_1,2026-05-04,08:36:30.118,08:36:38.784,Fire,5,0|1|2,2026-05-04T08:36:30.118311
synth_room_1,2026-05-04,08:36:38.826,08:41:38.784,Fire,5,0|1|2,2026-05-04T08:36:38.826644
synth_room_1,2026-05-04,08:41:38.826,08:46:38.784,Fire,5,0|1|2,2026-05-04T08:41:38.826644
synth_room_1,2026-05-04,08:46:38.826,08:49:40.368,Fire,5,0|1|2,2026-05-04T08:46:38.826645
synth_room_1,2026-05-04,08:49:40.409,08:50:04.326,Empty,10,0|1|2,2026-05-04T08:49:40.409978
synth_room_1,2026-05-04,08:50:04.368,08:51:38.784,Human_Movement_1Human,4,0|1|2,2026-05-04T08:50:04.368311
synth_room_1,2026-05-04,08:51:38.826,08:52:10.868,Human_Movement_1Human,4,0|1|2,2026-05-04T08:51:38.826645
synth_room_1,2026-05-04,08:52:10.909,08:56:15.868,Human_Movement_2+Humans,3,0|1|2,2026-05-04T08:52:10.909978
synth_room_1,2026-05-04,08:56:15.909,08:56:38.784,Contact_2+Humans,2,0|1|2,2026-05-04T08:56:15.909978
synth_room_1,2026-05-04,08:56:38.826,08:59:13.201,Contact_2+Humans,2,0|1|2,2026-05-04T08:56:38.826645
synth_room_1,2026-05-04,08:59:13.243,09:00:19.451,Violence_2+Humans,1,0|1|2,2026-05-04T08:59:13.243311
synth_room_1,2026-05-04,09:00:19.493,09:00:25.368,Human_Movement_2+fall,8,0|1|2,2026-05-04T09:00:19.493311
synth_room_1,2026-05-04,09:00:25.409,09:01:38.784,Human_Movement_2+Humans,3,0|1|2,2026-05-04T09:00:25.409978
synth_room_1,2026-05-04,09:01:38.826,09:01:52.493,Human_Movement_2+Humans,3,0|1|2,2026-05-04T09:01:38.826645
synth_room_1,2026-05-04,09:01:52.534,09:01:53.993,Human_Movement_1Human,4,0|1|2,2026-05-04T09:01:52.534978
synth_room_1,2026-05-04,09:01:54.034,09:02:50.326,Empty,10,0|1|2,2026-05-04T09:01:54.034978
synth_room_1,2026-05-04,09:02:50.368,09:05:50.868,Human_Movement_1Human,4,0|1|2,2026-05-04T09:02:50.368311
synth_room_1,2026-05-04,09:05:50.909,09:06:38.784,Empty,10,0|1|2,2026-05-04T09:05:50.909978
synth_room_1,2026-05-04,09:06:38.826,09:06:48.701,Empty,10,0|1|2,2026-05-04T09:06:38.826645
synth_room_1,2026-05-04,09:06:48.743,09:11:38.784,Human_Movement_1Human,4,0|1|2,2026-05-04T09:06:48.743311
synth_room_1,2026-05-04,09:11:38.826,09:14:22.951,Human_Movement_1Human,4,0|1|2,2026-05-04T09:11:38.826645
synth_room_1,2026-05-04,09:14:22.993,09:15:51.618,Human_Movement_1Human+Fire,7,0|1|2,2026-05-04T09:14:22.993311
synth_room_1,2026-05-04,09:15:51.659,09:15:52.493,Human_Movement_1Human,4,0|1|2,2026-05-04T09:15:51.659978
synth_room_1,2026-05-04,09:15:52.534,09:16:38.784,Empty,10,0|1|2,2026-05-04T09:15:52.534978
synth_room_1,2026-05-04,09:16:38.826,09:18:17.743,Empty,10,0|1|2,2026-05-04T09:16:38.826645
synth_room_1,2026-05-04,09:18:17.784,09:21:38.784,Human_Movement_1Human,4,0|1|2,2026-05-04T09:18:17.784978
synth_room_1,2026-05-04,09:21:38.826,09:21:51.326,Human_Movement_1Human,4,0|1|2,2026-05-04T09:21:38.826645
synth_room_1,2026-05-04,09:21:51.368,09:23:12.409,Human_Movement_2+Humans,3,0|1|2,2026-05-04T09:21:51.368311
synth_room_1,2026-05-04,09:23:12.451,09:24:10.201,Human_Movement_2+fall,8,0|1|2,2026-05-04T09:23:12.451645
synth_room_1,2026-05-04,09:24:10.243,09:24:38.909,Human_Movement_2+Humans,3,0|1|2,2026-05-04T09:24:10.243311
synth_room_1,2026-05-04,09:24:38.951,09:24:41.701,Human_Movement_1Human,4,0|1|2,2026-05-04T09:24:38.951645
synth_room_1,2026-05-04,09:24:41.743,09:26:14.784,Empty,10,0|1|2,2026-05-04T09:24:41.743311
synth_room_1,2026-05-04,09:26:14.826,09:26:38.784,Human_Movement_1Human,4,0|1|2,2026-05-04T09:26:14.826645
synth_room_1,2026-05-04,09:26:38.826,09:31:38.784,Human_Movement_1Human,4,0|1|2,2026-05-04T09:26:38.826645
synth_room_1,2026-05-04,09:31:38.826,09:36:38.784,Human_Movement_1Human,4,0|1|2,2026-05-04T09:31:38.826645
synth_room_1,2026-05-04,09:36:38.826,09:36:45.576,Human_Movement_1Human,4,0|1|2,2026-05-04T09:36:38.826645
synth_room_1,2026-05-04,09:36:45.618,09:37:13.243,Human_Movement_1Human+fall,9,0|1|2,2026-05-04T09:36:45.618312
synth_room_1,2026-05-04,09:37:13.284,09:37:14.909,Human_Movement_1Human,4,0|1|2,2026-05-04T09:37:13.284978
synth_room_1,2026-05-04,09:37:14.951,09:40:16.534,Empty,10,0|1|2,2026-05-04T09:37:14.951645
synth_room_1,2026-05-04,09:40:16.576,09:41:38.784,Human_Movement_1Human,4,0|1|2,2026-05-04T09:40:16.576645
synth_room_1,2026-05-04,09:41:38.826,09:42:58.284,Human_Movement_1Human,4,0|1|2,2026-05-04T09:41:38.826645
synth_room_1,2026-05-04,09:42:58.326,09:43:29.409,Human_Movement_1Human+fall,9,0|1|2,2026-05-04T09:42:58.326645
synth_room_1,2026-05-04,09:43:29.451,09:43:31.618,Human_Movement_1Human,4,0|1|2,2026-05-04T09:43:29.451645
synth_room_1,2026-05-04,09:43:31.659,09:44:12.784,Empty,10,0|1|2,2026-05-04T09:43:31.659978
synth_room_1,2026-05-04,09:44:12.826,09:46:38.784,Human_Movement_1Human,4,0|1|2,2026-05-04T09:44:12.826645
synth_room_1,2026-05-04,09:46:38.826,09:49:08.701,Human_Movement_1Human,4,0|1|2,2026-05-04T09:46:38.826645
synth_room_1,2026-05-04,09:49:08.743,09:50:19.118,Human_Movement_1Human+Fire,7,0|1|2,2026-05-04T09:49:08.743312
synth_room_1,2026-05-04,09:50:19.159,09:50:20.493,Human_Movement_1Human,4,0|1|2,2026-05-04T09:50:19.159978
synth_room_1,2026-05-04,09:50:20.534,09:51:38.784,Empty,10,0|1|2,2026-05-04T09:50:20.534978
synth_room_1,2026-05-04,09:51:38.826,09:53:29.826,Empty,10,0|1|2,2026-05-04T09:51:38.826645
synth_room_1,2026-05-04,09:53:29.868,09:56:26.701,Human_Movement_1Human,4,0|1|2,2026-05-04T09:53:29.868312
synth_room_1,2026-05-04,09:56:26.743,09:56:38.784,Empty,10,0|1|2,2026-05-04T09:56:26.743312
synth_room_1,2026-05-04,09:56:38.826,09:59:24.284,Empty,10,0|1|2,2026-05-04T09:56:38.826645
synth_room_1,2026-05-04,09:59:24.326,10:01:38.784,Human_Movement_1Human,4,0|1|2,2026-05-04T09:59:24.326645
synth_room_1,2026-05-04,10:01:38.826,10:02:28.909,Human_Movement_1Human,4,0|1|2,2026-05-04T10:01:38.826645
synth_room_1,2026-05-04,10:02:28.951,10:04:38.243,Empty,10,0|1|2,2026-05-04T10:02:28.951645
synth_room_1,2026-05-04,10:04:38.284,10:06:38.784,Human_Movement_1Human,4,0|1|2,2026-05-04T10:04:38.284978
synth_room_1,2026-05-04,10:06:38.826,10:07:09.701,Human_Movement_1Human,4,0|1|2,2026-05-04T10:06:38.826645
synth_room_1,2026-05-04,10:07:09.743,10:08:56.618,Empty,10,0|1|2,2026-05-04T10:07:09.743312
synth_room_1,2026-05-04,10:08:56.659,10:11:38.784,Human_Movement_1Human,4,0|1|2,2026-05-04T10:08:56.659978
synth_room_1,2026-05-04,10:11:38.826,10:15:38.034,Human_Movement_1Human,4,0|1|2,2026-05-04T10:11:38.826645
synth_room_1,2026-05-04,10:15:38.076,10:16:38.784,Human_Movement_1Human+Fire,7,0|1|2,2026-05-04T10:15:38.076645
synth_room_1,2026-05-04,10:16:38.826,10:18:08.784,Human_Movement_1Human+Fire,7,0|1|2,2026-05-04T10:16:38.826645
synth_room_1,2026-05-04,10:18:08.826,10:18:09.993,Human_Movement_1Human,4,0|1|2,2026-05-04T10:18:08.826645
synth_room_1,2026-05-04,10:18:10.034,10:21:38.784,Empty,10,0|1|2,2026-05-04T10:18:10.034978
synth_room_1,2026-05-04,10:21:38.826,10:22:22.993,Empty,10,0|1|2,2026-05-04T10:21:38.826645
synth_room_1,2026-05-04,10:22:23.034,10:23:09.868,Human_Movement_1Human,4,0|1|2,2026-05-04T10:22:23.034979
synth_room_1,2026-05-04,10:23:09.909,10:25:17.159,Empty,10,0|1|2,2026-05-04T10:23:09.909979
synth_room_1,2026-05-04,10:25:17.201,10:26:38.784,Human_Movement_1Human,4,0|1|2,2026-05-04T10:25:17.201645
synth_room_1,2026-05-04,10:26:38.826,10:27:43.451,Human_Movement_1Human,4,0|1|2,2026-05-04T10:26:38.826645
synth_room_1,2026-05-04,10:27:43.493,10:31:38.784,Human_Movement_2+Humans,3,0|1|2,2026-05-04T10:27:43.493312
synth_room_1,2026-05-04,10:31:38.826,10:34:57.909,Human_Movement_2+Humans,3,0|1|2,2026-05-04T10:31:38.826645
synth_room_1,2026-05-04,10:34:57.951,10:34:59.034,Human_Movement_1Human,4,0|1|2,2026-05-04T10:34:57.951645
synth_room_1,2026-05-04,10:34:59.076,10:36:38.784,Empty,10,0|1|2,2026-05-04T10:34:59.076645
synth_room_1,2026-05-04,10:36:38.826,10:39:15.159,Empty,10,0|1|2,2026-05-04T10:36:38.826645
synth_room_1,2026-05-04,10:39:15.201,10:41:07.576,Fire,5,0|1|2,2026-05-04T10:39:15.201645
synth_room_1,2026-05-04,10:41:07.618,10:41:38.784,Empty,10,0|1|2,2026-05-04T10:41:07.618312
synth_room_1,2026-05-04,10:41:38.826,10:41:53.201,Empty,10,0|1|2,2026-05-04T10:41:38.826645
synth_room_1,2026-05-04,10:41:53.243,10:44:01.993,Human_Movement_1Human,4,0|1|2,2026-05-04T10:41:53.243312
synth_room_1,2026-05-04,10:44:02.034,10:44:16.034,Human_Movement_1Human+fall,9,0|1|2,2026-05-04T10:44:02.034979
synth_room_1,2026-05-04,10:44:16.076,10:44:16.993,Human_Movement_1Human,4,0|1|2,2026-05-04T10:44:16.076645
synth_room_1,2026-05-04,10:44:17.034,10:45:43.909,Empty,10,0|1|2,2026-05-04T10:44:17.034979
synth_room_1,2026-05-04,10:45:43.951,10:45:46.909,Human_Movement_1Human,4,0|1|2,2026-05-04T10:45:43.951645
synth_room_1,2026-05-04,10:45:46.951,10:46:38.784,Human_Movement_2+Humans,3,0|1|2,2026-05-04T10:45:46.951645
synth_room_1,2026-05-04,10:46:38.826,10:50:34.993,Human_Movement_2+Humans,3,0|1|2,2026-05-04T10:46:38.826645
synth_room_1,2026-05-04,10:50:35.034,10:51:38.784,Empty,10,0|1|2,2026-05-04T10:50:35.034979
synth_room_1,2026-05-04,10:51:38.826,10:52:15.159,Empty,10,0|1|2,2026-05-04T10:51:38.826645
synth_room_1,2026-05-04,10:52:15.201,10:55:37.034,Fire,5,0|1|2,2026-05-04T10:52:15.201645
synth_room_1,2026-05-04,10:55:37.076,10:56:38.784,Empty,10,0|1|2,2026-05-04T10:55:37.076645
synth_room_1,2026-05-04,10:56:38.826,10:59:36.659,Empty,10,0|1|2,2026-05-04T10:56:38.826645
synth_room_1,2026-05-04,10:59:36.701,11:01:21.868,Human_Movement_1Human,4,0|1|2,2026-05-04T10:59:36.701645
synth_room_1,2026-05-04,11:01:21.909,11:01:38.784,Empty,10,0|1|2,2026-05-04T11:01:21.909979
synth_room_1,2026-05-04,11:01:38.826,11:04:19.534,Empty,10,0|1|2,2026-05-04T11:01:38.826645
synth_room_1,2026-05-04,11:04:19.576,11:06:36.743,Human_Movement_1Human,4,0|1|2,2026-05-04T11:04:19.576645
synth_room_1,2026-05-04,11:06:36.784,11:06:38.784,Human_Movement_1Human+Fire,7,0|1|2,2026-05-04T11:06:36.784979
synth_room_1,2026-05-04,11:06:38.826,11:07:31.576,Human_Movement_1Human+Fire,7,0|1|2,2026-05-04T11:06:38.826645
synth_room_1,2026-05-04,11:07:31.618,11:07:35.576,Human_Movement_1Human,4,0|1|2,2026-05-04T11:07:31.618312
synth_room_1,2026-05-04,11:07:35.618,11:09:13.493,Empty,10,0|1|2,2026-05-04T11:07:35.618312
synth_room_1,2026-05-04,11:09:13.534,11:11:38.784,Human_Movement_1Human,4,0|1|2,2026-05-04T11:09:13.534979
synth_room_1,2026-05-04,11:11:38.826,11:12:04.743,Human_Movement_1Human,4,0|1|2,2026-05-04T11:11:38.826646
synth_room_1,2026-05-04,11:12:04.784,11:12:43.243,Human_Movement_1Human+fall,9,0|1|2,2026-05-04T11:12:04.784979
synth_room_1,2026-05-04,11:12:43.284,11:12:44.076,Human_Movement_1Human,4,0|1|2,2026-05-04T11:12:43.284979
synth_room_1,2026-05-04,11:12:44.118,11:16:33.243,Empty,10,0|1|2,2026-05-04T11:12:44.118312
synth_room_1,2026-05-04,11:16:33.284,11:16:38.784,Human_Movement_1Human,4,0|1|2,2026-05-04T11:16:33.284979
synth_room_1,2026-05-04,11:16:38.826,11:17:49.701,Human_Movement_1Human,4,0|1|2,2026-05-04T11:16:38.826646
synth_room_1,2026-05-04,11:17:49.743,11:21:38.784,Human_Movement_1Human+Fire,7,0|1|2,2026-05-04T11:17:49.743312
synth_room_1,2026-05-04,11:21:38.826,11:23:54.409,Human_Movement_1Human+Fire,7,0|1|2,2026-05-04T11:21:38.826646
synth_room_1,2026-05-04,11:23:54.451,11:23:55.659,Human_Movement_1Human,4,0|1|2,2026-05-04T11:23:54.451646
synth_room_1,2026-05-04,11:23:55.701,11:25:43.743,Empty,10,0|1|2,2026-05-04T11:23:55.701646
synth_room_1,2026-05-04,11:25:43.784,11:26:38.784,Human_Movement_1Human,4,0|1|2,2026-05-04T11:25:43.784979
synth_room_1,2026-05-04,11:26:38.826,11:28:14.576,Human_Movement_1Human,4,0|1|2,2026-05-04T11:26:38.826646
synth_room_1,2026-05-04,11:28:14.618,11:29:54.826,Human_Movement_2+Humans,3,0|1|2,2026-05-04T11:28:14.618312
synth_room_1,2026-05-04,11:29:54.868,11:30:43.201,Contact_2+Humans,2,0|1|2,2026-05-04T11:29:54.868312
synth_room_1,2026-05-04,11:30:43.243,11:31:38.784,Human_Movement_2+Humans,3,0|1|2,2026-05-04T11:30:43.243312
synth_room_1,2026-05-04,11:31:38.826,11:34:55.409,Human_Movement_2+Humans,3,0|1|2,2026-05-04T11:31:38.826646
synth_room_1,2026-05-04,11:34:55.451,11:36:38.784,Contact_2+Humans,2,0|1|2,2026-05-04T11:34:55.451646
synth_room_1,2026-05-04,11:36:38.826,11:37:06.951,Contact_2+Humans,2,0|1|2,2026-05-04T11:36:38.826646
synth_room_1,2026-05-04,11:37:06.993,11:39:28.243,Violence_2+Humans,1,0|1|2,2026-05-04T11:37:06.993312
synth_room_1,2026-05-04,11:39:28.284,11:40:07.701,Human_Movement_2+Humans,3,0|1|2,2026-05-04T11:39:28.284979
synth_room_1,2026-05-04,11:40:07.743,11:40:21.618,Human_Movement_2+fall,8,0|1|2,2026-05-04T11:40:07.743312
synth_room_1,2026-05-04,11:40:21.659,11:41:38.784,Human_Movement_2+Humans,3,0|1|2,2026-05-04T11:40:21.659979
synth_room_1,2026-05-04,11:41:38.826,11:46:38.784,Human_Movement_2+Humans,3,0|1|2,2026-05-04T11:41:38.826646
synth_room_1,2026-05-04,11:46:38.826,11:47:38.368,Human_Movement_2+Humans,3,0|1|2,2026-05-04T11:46:38.826646
synth_room_1,2026-05-04,11:47:38.409,11:48:11.659,Human_Movement_2+fall,8,0|1|2,2026-05-04T11:47:38.409979
synth_room_1,2026-05-04,11:48:11.701,11:48:12.993,Human_Movement_2+Humans,3,0|1|2,2026-05-04T11:48:11.701646
synth_room_1,2026-05-04,11:48:13.034,11:48:13.743,Human_Movement_1Human,4,0|1|2,2026-05-04T11:48:13.034979
synth_room_1,2026-05-04,11:48:13.784,11:51:38.784,Empty,10,0|1|2,2026-05-04T11:48:13.784979
synth_room_1,2026-05-04,11:51:38.826,11:52:13.868,Empty,10,0|1|2,2026-05-04T11:51:38.826646
synth_room_1,2026-05-04,11:52:13.909,11:53:14.784,Human_Movement_1Human,4,0|1|2,2026-05-04T11:52:13.909979
synth_room_1,2026-05-04,11:53:14.826,11:56:38.784,Human_Movement_2+Humans,3,0|1|2,2026-05-04T11:53:14.826646
synth_room_1,2026-05-04,11:56:38.826,11:57:34.368,Human_Movement_2+Humans,3,0|1|2,2026-05-04T11:56:38.826646
synth_room_1,2026-05-04,11:57:34.409,12:00:27.451,Human_Movement_2+Fire,6,0|1|2,2026-05-04T11:57:34.409979
synth_room_1,2026-05-04,12:00:27.493,12:00:29.409,Human_Movement_2+Humans,3,0|1|2,2026-05-04T12:00:27.493313
synth_room_1,2026-05-04,12:00:29.451,12:00:30.576,Human_Movement_1Human,4,0|1|2,2026-05-04T12:00:29.451646
synth_room_1,2026-05-04,12:00:30.618,12:01:38.784,Empty,10,0|1|2,2026-05-04T12:00:30.618313
synth_room_1,2026-05-04,12:01:38.826,12:04:49.409,Empty,10,0|1|2,2026-05-04T12:01:38.826646
synth_room_1,2026-05-04,12:04:49.451,12:06:08.118,Human_Movement_1Human,4,0|1|2,2026-05-04T12:04:49.451646
synth_room_1,2026-05-04,12:06:08.159,12:06:31.284,Empty,10,0|1|2,2026-05-04T12:06:08.159979
synth_room_1,2026-05-04,12:06:31.326,12:06:38.743,Human_Movement_1Human,4,0|1|2,2026-05-04T12:06:31.326646
synth_room_1,2026-05-04,12:06:38.784,12:06:38.784,Empty,10,0|1|2,2026-05-04T12:06:38.784979
